"chr","start","end","gc","map","htertrt","gc_bin"
"1",8000001,8500000,0.462702,0.998576,"early",0.46
"1",8500001,9e+06,0.42601,0.997957,"early",0.43
"1",14000001,14500000,0.4314,0.996742,"mid",0.43
"1",14500001,1.5e+07,0.431124,0.996247,"early",0.43
"1",16500001,1.7e+07,0.479312,0.985594,"early",0.48
"1",31500001,3.2e+07,0.46007,0.998933,"early",0.46
"1",35000001,35500000,0.452928,0.988414,"mid",0.45
"1",35500001,3.6e+07,0.413266,0.997992,"early",0.41
"1",39500001,4e+07,0.439456,0.998169,"mid",0.44
"1",40500001,4.1e+07,0.424226,0.991994,"early",0.42
"1",44500001,4.5e+07,0.448976,0.999575,"early",0.45
"1",46000001,46500000,0.42514,0.992621,"early",0.43
"1",50000001,50500000,0.371538,0.98492,"mid",0.37
"1",51000001,51500000,0.382956,0.994276,"early",0.38
"1",53000001,53500000,0.431396,0.997921,"early",0.43
"1",54000001,54500000,0.459268,0.999284,"mid",0.46
"1",56500001,5.7e+07,0.40812,0.990909,"mid",0.41
"1",57000001,57500000,0.402878,0.998922,"late",0.4
"1",59000001,59500000,0.422352,0.99495,"mid",0.42
"1",59500001,6e+07,0.407466,0.994132,"mid",0.41
"1",60500001,6.1e+07,0.37483,0.988528,"early",0.37
"1",61500001,6.2e+07,0.395642,0.999885,"early",0.4
"1",62500001,6.3e+07,0.430326,0.999605,"mid",0.43
"1",63000001,63500000,0.385316,0.995687,"early",0.39
"1",63500001,6.4e+07,0.392878,0.992088,"mid",0.39
"1",65000001,65500000,0.4055,0.998483,"mid",0.41
"1",65500001,6.6e+07,0.409854,0.994359,"mid",0.41
"1",66500001,6.7e+07,0.383796,0.992125,"early",0.38
"1",67000001,67500000,0.372432,0.994586,"early",0.37
"1",68000001,68500000,0.412032,0.996549,"early",0.41
"1",68500001,6.9e+07,0.396932,0.998536,"early",0.4
"1",69000001,69500000,0.373348,0.983537,"early",0.37
"1",71500001,7.2e+07,0.368094,0.986446,"late",0.37
"1",73500001,7.4e+07,0.349042,0.995547,"late",0.35
"1",74000001,74500000,0.357042,0.999693,"late",0.36
"1",74500001,7.5e+07,0.356602,0.98954,"late",0.36
"1",75000001,75500000,0.37175,0.995147,"late",0.37
"1",75500001,7.6e+07,0.374126,0.985104,"late",0.37
"1",76000001,76500000,0.380542,0.991098,"late",0.38
"1",76500001,7.7e+07,0.389622,0.996921,"mid",0.39
"1",77000001,77500000,0.386936,0.991008,"mid",0.39
"1",78500001,7.9e+07,0.384694,0.992357,"early",0.38
"1",79000001,79500000,0.360244,0.990576,"early",0.36
"1",80000001,80500000,0.355616,0.993634,"mid",0.36
"1",80500001,8.1e+07,0.35124,0.992152,"mid",0.35
"1",81500001,8.2e+07,0.368816,0.99803,"late",0.37
"1",82500001,8.3e+07,0.371044,0.988183,"late",0.37
"1",84500001,8.5e+07,0.374536,0.98507,"early",0.37
"1",85500001,8.6e+07,0.395116,0.996336,"early",0.4
"1",87000001,87500000,0.38553,0.984248,"mid",0.39
"1",87500001,8.8e+07,0.403886,0.999267,"mid",0.4
"1",89500001,9e+07,0.390624,0.990267,"mid",0.39
"1",91000001,91500000,0.38992,0.997677,"mid",0.39
"1",92000001,92500000,0.421956,0.997822,"mid",0.42
"1",92500001,9.3e+07,0.394204,0.996067,"early",0.39
"1",93000001,93500000,0.393194,0.99519,"early",0.39
"1",93500001,9.4e+07,0.384482,0.993513,"early",0.38
"1",94000001,94500000,0.432008,0.990933,"early",0.43
"1",95000001,95500000,0.425272,0.999509,"early",0.43
"1",96000001,96500000,0.369776,0.99986,"early",0.37
"1",96500001,9.7e+07,0.374178,0.986689,"early",0.37
"1",97000001,97500000,0.37358,0.991894,"mid",0.37
"1",97500001,9.8e+07,0.359166,0.991743,"mid",0.36
"1",99000001,99500000,0.36724,0.994427,"mid",0.37
"1",99500001,1e+08,0.370984,0.989693,"mid",0.37
"1",100500001,1.01e+08,0.386066,0.998394,"mid",0.39
"1",101000001,101500000,0.377296,0.994636,"mid",0.38
"1",101500001,1.02e+08,0.388618,0.999218,"mid",0.39
"1",103000001,103500000,0.346954,0.992409,"mid",0.35
"1",104500001,1.05e+08,0.351878,0.994056,"late",0.35
"1",107000001,107500000,0.358956,0.999288,"mid",0.36
"1",108000001,108500000,0.382384,0.99672,"early",0.38
"1",111000001,111500000,0.424064,0.996094,"mid",0.42
"1",111500001,1.12e+08,0.400724,0.994024,"early",0.4
"1",118000001,118500000,0.40558,0.997968,"mid",0.41
"1",119500001,1.2e+08,0.412134,0.994144,"mid",0.41
"1",146500001,1.47e+08,0.401916,0.984315,"mid",0.4
"1",153000001,153500000,0.428868,0.991947,"early",0.43
"1",154000001,154500000,0.456038,0.998717,"early",0.46
"1",158000001,158500000,0.405832,0.990622,"mid",0.41
"1",159000001,159500000,0.390176,0.989546,"mid",0.39
"1",160500001,1.61e+08,0.431038,0.99463,"early",0.43
"1",162500001,1.63e+08,0.400574,0.990429,"early",0.4
"1",163000001,163500000,0.378556,0.995671,"early",0.38
"1",164500001,1.65e+08,0.412594,0.997747,"late",0.41
"1",165000001,165500000,0.424948,0.997709,"late",0.42
"1",165500001,1.66e+08,0.418916,0.991575,"late",0.42
"1",167000001,167500000,0.417984,0.999467,"mid",0.42
"1",168500001,1.69e+08,0.394702,0.996904,"early",0.39
"1",169000001,169500000,0.378728,0.992881,"early",0.38
"1",170000001,170500000,0.376112,0.988362,"mid",0.38
"1",170500001,1.71e+08,0.380918,0.997466,"mid",0.38
"1",172000001,172500000,0.37829,0.990024,"early",0.38
"1",173000001,173500000,0.394716,0.995432,"early",0.39
"1",173500001,1.74e+08,0.39663,0.997542,"early",0.4
"1",176500001,1.77e+08,0.404588,0.996453,"mid",0.4
"1",178000001,178500000,0.389028,0.993844,"early",0.39
"1",179500001,1.8e+08,0.40462,0.995722,"early",0.4
"1",182500001,1.83e+08,0.413266,0.99758,"early",0.41
"1",183000001,183500000,0.416954,0.999197,"early",0.42
"1",183500001,1.84e+08,0.405828,0.9944,"early",0.41
"1",184000001,184500000,0.399952,0.996139,"early",0.4
"1",185000001,185500000,0.384252,0.991921,"early",0.38
"1",185500001,1.86e+08,0.369932,0.989607,"early",0.37
"1",186000001,186500000,0.365186,0.993971,"early",0.37
"1",186500001,1.87e+08,0.368946,0.994571,"early",0.37
"1",187000001,187500000,0.356672,0.989118,"early",0.36
"1",187500001,1.88e+08,0.357594,0.98542,"mid",0.36
"1",192000001,192500000,0.35042,0.989391,"early",0.35
"1",192500001,1.93e+08,0.374552,0.998693,"early",0.37
"1",193500001,1.94e+08,0.35976,0.987855,"mid",0.36
"1",197000001,197500000,0.358692,0.998714,"mid",0.36
"1",197500001,1.98e+08,0.367088,0.98199,"mid",0.37
"1",199000001,199500000,0.35888,0.996778,"early",0.36
"1",200000001,200500000,0.413202,0.997958,"early",0.41
"1",207000001,207500000,0.416328,0.998313,"early",0.42
"1",209500001,2.1e+08,0.438574,0.999049,"early",0.44
"1",210000001,210500000,0.396584,0.990258,"early",0.4
"1",210500001,2.11e+08,0.426134,0.995742,"early",0.43
"1",211000001,211500000,0.399946,0.994069,"early",0.4
"1",211500001,2.12e+08,0.436648,0.997729,"mid",0.44
"1",214000001,214500000,0.40899,0.999708,"early",0.41
"1",215000001,215500000,0.372252,0.996486,"early",0.37
"1",215500001,2.16e+08,0.37228,0.997644,"early",0.37
"1",216500001,2.17e+08,0.36689,0.995673,"mid",0.37
"1",217500001,2.18e+08,0.367962,0.989508,"mid",0.37
"1",219000001,219500000,0.365916,0.996726,"mid",0.37
"1",221000001,221500000,0.39187,0.996907,"mid",0.39
"1",222000001,222500000,0.403644,0.997563,"early",0.4
"1",225000001,225500000,0.381522,0.992318,"early",0.38
"1",226000001,226500000,0.462594,0.998019,"mid",0.46
"1",227500001,2.28e+08,0.440088,0.998637,"mid",0.44
"1",232500001,2.33e+08,0.413388,0.997389,"mid",0.41
"1",233000001,233500000,0.412666,0.9989,"mid",0.41
"1",234000001,234500000,0.41862,0.997335,"early",0.42
"1",234500001,2.35e+08,0.439592,0.999643,"early",0.44
"1",237500001,2.38e+08,0.373534,0.997926,"mid",0.37
"1",238000001,238500000,0.390982,0.996927,"late",0.39
"1",239000001,239500000,0.365176,0.998951,"late",0.37
"1",239500001,2.4e+08,0.38312,0.988886,"late",0.38
"1",240000001,240500000,0.402066,0.999706,"late",0.4
"1",240500001,2.41e+08,0.401424,0.999679,"late",0.4
"1",241000001,241500000,0.391246,0.99805,"late",0.39
"1",242000001,242500000,0.41999,0.991159,"late",0.42
"1",244000001,244500000,0.42808,0.999428,"late",0.43
"1",244500001,2.45e+08,0.41937,0.993166,"late",0.42
"1",245000001,245500000,0.435688,0.997404,"late",0.44
"1",246000001,246500000,0.404144,0.995039,"late",0.4
"1",247000001,247500000,0.425162,0.990556,"late",0.43
"1",247500001,2.48e+08,0.400438,0.98218,"late",0.4
"10",500001,1e+06,0.474668,0.990292,"late",0.47
"10",2000001,2500000,0.396922,0.997134,"late",0.4
"10",2500001,3e+06,0.409368,0.997881,"late",0.41
"10",6500001,7e+06,0.415548,0.98961,"early",0.42
"10",7000001,7500000,0.427268,0.989473,"mid",0.43
"10",8500001,9e+06,0.375282,0.998874,"mid",0.38
"10",9000001,9500000,0.363898,0.996358,"mid",0.36
"10",10000001,10500000,0.375396,0.995282,"mid",0.38
"10",10500001,1.1e+07,0.403102,0.989063,"mid",0.4
"10",14500001,1.5e+07,0.426308,0.995868,"mid",0.43
"10",16000001,16500000,0.39293,0.996653,"late",0.39
"10",16500001,1.7e+07,0.407284,0.999441,"late",0.41
"10",17000001,17500000,0.39876,0.998538,"late",0.4
"10",18500001,1.9e+07,0.40424,0.996259,"late",0.4
"10",19000001,19500000,0.372278,0.986034,"late",0.37
"10",20500001,2.1e+07,0.38412,0.990108,"mid",0.38
"10",21000001,21500000,0.392784,0.992013,"mid",0.39
"10",22000001,22500000,0.387932,0.991811,"mid",0.39
"10",23500001,2.4e+07,0.404792,0.995604,"mid",0.4
"10",24000001,24500000,0.392812,0.994588,"mid",0.39
"10",24500001,2.5e+07,0.415124,0.995927,"mid",0.42
"10",25000001,25500000,0.410724,0.997915,"mid",0.41
"10",25500001,2.6e+07,0.375134,0.985485,"mid",0.38
"10",27000001,27500000,0.399864,0.997731,"mid",0.4
"10",28000001,28500000,0.38373,0.999182,"mid",0.38
"10",30500001,3.1e+07,0.429644,0.999019,"mid",0.43
"10",31000001,31500000,0.421582,0.992953,"mid",0.42
"10",33000001,33500000,0.398854,0.994948,"early",0.4
"10",33500001,3.4e+07,0.408718,0.991104,"early",0.41
"10",34500001,3.5e+07,0.39194,0.999301,"early",0.39
"10",36500001,3.7e+07,0.382558,0.996705,"mid",0.38
"10",37500001,3.8e+07,0.397256,0.995866,"late",0.4
"10",38000001,38500000,0.407518,0.991154,"late",0.41
"10",43000001,43500000,0.436838,0.993669,"late",0.44
"10",44000001,44500000,0.43568,0.997569,"late",0.44
"10",44500001,4.5e+07,0.435404,0.987609,"late",0.44
"10",45000001,45500000,0.433246,0.998002,"late",0.43
"10",45500001,4.6e+07,0.413692,0.99193,"late",0.41
"10",52000001,52500000,0.40291,0.983031,"mid",0.4
"10",52500001,5.3e+07,0.369336,0.99595,"mid",0.37
"10",53500001,5.4e+07,0.363962,0.986951,"early",0.36
"10",54000001,54500000,0.366648,0.993671,"early",0.37
"10",55000001,55500000,0.356352,0.99236,"early",0.36
"10",55500001,5.6e+07,0.355708,0.991667,"mid",0.36
"10",59500001,6e+07,0.374956,0.998235,"mid",0.37
"10",62000001,62500000,0.376232,0.994292,"early",0.38
"10",62500001,6.3e+07,0.385606,0.99707,"early",0.39
"10",63000001,63500000,0.36578,0.997403,"early",0.37
"10",63500001,6.4e+07,0.393912,0.999194,"early",0.39
"10",65500001,6.6e+07,0.396966,0.992104,"mid",0.4
"10",66500001,6.7e+07,0.349984,0.992658,"mid",0.35
"10",67500001,6.8e+07,0.357348,0.999644,"mid",0.36
"10",68500001,6.9e+07,0.359476,0.995508,"early",0.36
"10",69000001,69500000,0.372782,0.983942,"early",0.37
"10",69500001,7e+07,0.402484,0.998503,"early",0.4
"10",74000001,74500000,0.432934,0.998582,"early",0.43
"10",75500001,7.6e+07,0.449278,0.996189,"early",0.45
"10",76000001,76500000,0.371422,0.998074,"early",0.37
"10",85000001,85500000,0.365598,0.996682,"mid",0.37
"10",85500001,8.6e+07,0.420788,0.991668,"late",0.42
"10",86000001,86500000,0.4095,0.992104,"late",0.41
"10",86500001,8.7e+07,0.391802,0.983863,"mid",0.39
"10",90000001,90500000,0.368924,0.997228,"early",0.37
"10",90500001,9.1e+07,0.382448,0.997907,"early",0.38
"10",91000001,91500000,0.400814,0.99793,"early",0.4
"10",91500001,9.2e+07,0.381912,0.990088,"early",0.38
"10",92000001,92500000,0.373082,0.995903,"early",0.37
"10",92500001,9.3e+07,0.405102,0.997074,"early",0.41
"10",93000001,93500000,0.396944,0.984906,"early",0.4
"10",94000001,94500000,0.422646,0.994363,"mid",0.42
"10",97000001,97500000,0.436148,0.999338,"mid",0.44
"10",98000001,98500000,0.43371,0.998921,"mid",0.43
"10",98500001,9.9e+07,0.449464,0.99806,"mid",0.45
"10",103000001,103500000,0.44014,0.998336,"early",0.44
"10",104500001,1.05e+08,0.434604,0.997481,"early",0.43
"10",105500001,1.06e+08,0.429792,0.999356,"early",0.43
"10",106000001,106500000,0.42952,0.99446,"early",0.43
"10",106500001,1.07e+08,0.406626,0.997076,"early",0.41
"10",107500001,1.08e+08,0.371502,0.988679,"mid",0.37
"10",108000001,108500000,0.383912,0.998829,"mid",0.38
"10",108500001,1.09e+08,0.39756,0.992365,"late",0.4
"10",110000001,110500000,0.37275,0.988729,"mid",0.37
"10",111000001,111500000,0.392582,0.99165,"early",0.39
"10",114500001,1.15e+08,0.44245,0.999965,"mid",0.44
"10",115500001,1.16e+08,0.404674,0.999214,"early",0.4
"10",117000001,117500000,0.346446,0.988194,"early",0.35
"10",118000001,118500000,0.414018,0.997935,"late",0.41
"10",118500001,1.19e+08,0.431944,0.992618,"late",0.43
"10",120000001,120500000,0.412582,0.999097,"early",0.41
"10",122500001,1.23e+08,0.422478,0.98777,"mid",0.42
"10",124500001,1.25e+08,0.423976,0.991177,"mid",0.42
"10",127000001,127500000,0.424808,0.994893,"mid",0.42
"10",127500001,1.28e+08,0.427416,0.99521,"mid",0.43
"10",129000001,129500000,0.430142,0.997297,"late",0.43
"10",129500001,1.3e+08,0.451694,0.998589,"late",0.45
"10",130500001,1.31e+08,0.441978,0.999239,"late",0.44
"10",131000001,131500000,0.437888,0.998223,"late",0.44
"10",131500001,1.32e+08,0.47396,0.996247,"late",0.47
"10",132000001,132500000,0.458692,0.993961,"late",0.46
"10",132500001,1.33e+08,0.482626,0.996774,"late",0.48
"11",5000001,5500000,0.375844,0.989838,"mid",0.38
"11",7000001,7500000,0.386748,0.987841,"mid",0.39
"11",7500001,8e+06,0.414374,0.980857,"mid",0.41
"11",10000001,10500000,0.399852,0.993149,"early",0.4
"11",10500001,1.1e+07,0.429708,0.999395,"early",0.43
"11",11000001,11500000,0.443672,0.997889,"early",0.44
"11",11500001,1.2e+07,0.41659,0.998812,"early",0.42
"11",12000001,12500000,0.451672,0.997938,"early",0.45
"11",12500001,1.3e+07,0.420734,0.999489,"early",0.42
"11",13000001,13500000,0.415624,0.997172,"early",0.42
"11",14000001,14500000,0.413394,0.996991,"early",0.41
"11",16000001,16500000,0.35076,0.997661,"early",0.35
"11",16500001,1.7e+07,0.413674,0.991522,"mid",0.41
"11",18000001,18500000,0.41668,0.996368,"early",0.42
"11",19000001,19500000,0.419684,0.995039,"early",0.42
"11",22500001,2.3e+07,0.362802,0.989232,"late",0.36
"11",23500001,2.4e+07,0.357006,0.996969,"late",0.36
"11",24000001,24500000,0.354614,0.983707,"late",0.35
"11",24500001,2.5e+07,0.350774,0.99562,"late",0.35
"11",28500001,2.9e+07,0.374358,0.997355,"mid",0.37
"11",29500001,3e+07,0.370942,0.992677,"late",0.37
"11",30000001,30500000,0.386378,0.992259,"late",0.39
"11",30500001,3.1e+07,0.381614,0.995852,"late",0.38
"11",33000001,33500000,0.407228,0.99653,"early",0.41
"11",33500001,3.4e+07,0.429172,0.994432,"early",0.43
"11",34500001,3.5e+07,0.407186,0.992274,"early",0.41
"11",35000001,35500000,0.415948,0.995626,"early",0.42
"11",35500001,3.6e+07,0.417626,0.995063,"early",0.42
"11",36000001,36500000,0.439648,0.998105,"early",0.44
"11",39000001,39500000,0.362818,0.99418,"late",0.36
"11",39500001,4e+07,0.365554,0.988743,"late",0.37
"11",40000001,40500000,0.373054,0.997101,"late",0.37
"11",41000001,41500000,0.365956,0.99743,"late",0.37
"11",41500001,4.2e+07,0.370268,0.996516,"late",0.37
"11",42000001,42500000,0.367974,0.990103,"late",0.37
"11",42500001,4.3e+07,0.382538,0.990149,"late",0.38
"11",44000001,44500000,0.45664,0.999158,"late",0.46
"11",48500001,4.9e+07,0.377846,0.982244,"late",0.38
"11",49000001,49500000,0.363404,0.991779,"mid",0.36
"11",49500001,5e+07,0.365996,0.982133,"late",0.37
"11",50000001,50500000,0.39117,0.995464,"late",0.39
"11",55000001,55500000,0.366632,0.988112,"late",0.37
"11",55500001,5.6e+07,0.357144,0.993182,"mid",0.36
"11",58000001,58500000,0.376484,0.992641,"early",0.38
"11",74000001,74500000,0.425218,0.987814,"early",0.43
"11",75500001,7.6e+07,0.43897,0.998223,"mid",0.44
"11",79000001,79500000,0.41879,0.994961,"mid",0.42
"11",79500001,8e+07,0.384956,0.997639,"mid",0.38
"11",80000001,80500000,0.374858,0.998967,"mid",0.37
"11",80500001,8.1e+07,0.36026,0.999017,"mid",0.36
"11",84500001,8.5e+07,0.362636,0.997947,"early",0.36
"11",87000001,87500000,0.38907,0.985982,"early",0.39
"11",89000001,89500000,0.360536,0.989474,"mid",0.36
"11",89500001,9e+07,0.377448,0.984916,"late",0.38
"11",90500001,9.1e+07,0.34861,0.987574,"mid",0.35
"11",91500001,9.2e+07,0.383126,0.993714,"late",0.38
"11",92500001,9.3e+07,0.40065,0.983276,"mid",0.4
"11",93500001,9.4e+07,0.41438,0.983831,"early",0.41
"11",94000001,94500000,0.40433,0.995036,"early",0.4
"11",94500001,9.5e+07,0.406686,0.999261,"early",0.41
"11",95500001,9.6e+07,0.388312,0.99809,"early",0.39
"11",96500001,9.7e+07,0.363688,0.986693,"early",0.36
"11",97000001,97500000,0.358924,0.997673,"early",0.36
"11",98500001,9.9e+07,0.353706,0.994413,"late",0.35
"11",101000001,101500000,0.378222,0.998034,"early",0.38
"11",101500001,1.02e+08,0.384712,0.986928,"early",0.38
"11",102000001,102500000,0.399486,0.992732,"early",0.4
"11",103000001,103500000,0.36331,0.995144,"early",0.36
"11",103500001,1.04e+08,0.378374,0.995393,"early",0.38
"11",104000001,104500000,0.358864,0.996189,"mid",0.36
"11",104500001,1.05e+08,0.361984,0.992709,"mid",0.36
"11",105000001,105500000,0.352576,0.998133,"mid",0.35
"11",106500001,1.07e+08,0.363298,0.997272,"mid",0.36
"11",107000001,107500000,0.377982,0.988814,"mid",0.38
"11",108000001,108500000,0.397058,0.987502,"mid",0.4
"11",109500001,1.1e+08,0.385402,0.996095,"early",0.39
"11",112500001,1.13e+08,0.421426,0.996136,"mid",0.42
"11",113000001,113500000,0.444574,0.996654,"mid",0.44
"11",114500001,1.15e+08,0.41067,0.990473,"late",0.41
"11",118000001,118500000,0.44472,0.998861,"early",0.44
"11",121000001,121500000,0.424136,0.995589,"mid",0.42
"11",121500001,1.22e+08,0.395702,0.986628,"early",0.4
"11",124000001,124500000,0.378928,0.989085,"mid",0.38
"11",126500001,1.27e+08,0.440988,0.999184,"late",0.44
"11",127000001,127500000,0.393018,0.993291,"mid",0.39
"11",129000001,129500000,0.407066,0.990801,"early",0.41
"11",132000001,132500000,0.418672,0.990879,"late",0.42
"11",132500001,1.33e+08,0.41695,0.99979,"late",0.42
"11",133000001,133500000,0.424564,0.99858,"late",0.42
"12",1000001,1500000,0.3995,0.989005,"early",0.4
"12",4500001,5e+06,0.416972,0.993988,"mid",0.42
"12",8500001,9e+06,0.425494,0.986109,"late",0.43
"12",9000001,9500000,0.408416,0.993658,"late",0.41
"12",9500001,1e+07,0.401442,0.989465,"late",0.4
"12",10500001,1.1e+07,0.36665,0.987759,"early",0.37
"12",11000001,11500000,0.372514,0.986396,"early",0.37
"12",13000001,13500000,0.435562,0.998612,"early",0.44
"12",14500001,1.5e+07,0.38677,0.99683,"early",0.39
"12",15000001,15500000,0.376324,0.997768,"early",0.38
"12",15500001,1.6e+07,0.37357,0.998147,"early",0.37
"12",16000001,16500000,0.382448,0.997959,"early",0.38
"12",16500001,1.7e+07,0.362586,0.994438,"early",0.36
"12",17000001,17500000,0.355312,0.993183,"early",0.36
"12",18000001,18500000,0.353544,0.994224,"early",0.35
"12",18500001,1.9e+07,0.36429,0.995295,"early",0.36
"12",20000001,20500000,0.369968,0.999215,"mid",0.37
"12",21500001,2.2e+07,0.374968,0.987773,"late",0.37
"12",22000001,22500000,0.379966,0.991977,"late",0.38
"12",22500001,2.3e+07,0.369786,0.985141,"late",0.37
"12",24000001,24500000,0.35679,0.998723,"mid",0.36
"12",26500001,2.7e+07,0.383368,0.994603,"early",0.38
"12",28000001,28500000,0.373428,0.995488,"early",0.37
"12",28500001,2.9e+07,0.365912,0.992333,"early",0.37
"12",31500001,3.2e+07,0.423394,0.998797,"mid",0.42
"12",32000001,32500000,0.420308,0.9968,"mid",0.42
"12",33500001,3.4e+07,0.359256,0.995244,"early",0.36
"12",34000001,34500000,0.41502,0.991265,"late",0.42
"12",38000001,38500000,0.375456,0.992717,"late",0.38
"12",38500001,3.9e+07,0.379226,0.9958,"late",0.38
"12",39000001,39500000,0.366068,0.986572,"late",0.37
"12",40000001,40500000,0.368314,0.982997,"late",0.37
"12",41500001,4.2e+07,0.363704,0.996082,"late",0.36
"12",42000001,42500000,0.388462,0.981376,"late",0.39
"12",43000001,43500000,0.38768,0.996239,"mid",0.39
"12",44000001,44500000,0.379494,0.99119,"mid",0.38
"12",45500001,4.6e+07,0.39573,0.993094,"early",0.4
"12",46000001,46500000,0.379718,0.998971,"early",0.38
"12",46500001,4.7e+07,0.39079,0.995893,"early",0.39
"12",47000001,47500000,0.384032,0.990568,"early",0.38
"12",47500001,4.8e+07,0.4043,0.994481,"early",0.4
"12",48500001,4.9e+07,0.408572,0.985593,"early",0.41
"12",51000001,51500000,0.422706,0.996945,"early",0.42
"12",51500001,5.2e+07,0.446622,0.986901,"early",0.45
"12",58500001,5.9e+07,0.388654,0.983146,"early",0.39
"12",59000001,59500000,0.372932,0.996067,"early",0.37
"12",62000001,62500000,0.363898,0.98957,"mid",0.36
"12",62500001,6.3e+07,0.368012,0.999269,"early",0.37
"12",63000001,63500000,0.413288,0.998376,"mid",0.41
"12",63500001,6.4e+07,0.374604,0.987058,"early",0.37
"12",64000001,64500000,0.38738,0.986262,"early",0.39
"12",64500001,6.5e+07,0.412712,0.981004,"early",0.41
"12",65000001,65500000,0.412998,0.99942,"early",0.41
"12",65500001,6.6e+07,0.379196,0.991778,"early",0.38
"12",66500001,6.7e+07,0.398868,0.990776,"early",0.4
"12",67000001,67500000,0.381042,0.998449,"early",0.38
"12",68000001,68500000,0.3972,0.989372,"early",0.4
"12",68500001,6.9e+07,0.400252,0.998647,"early",0.4
"12",71000001,71500000,0.374584,0.989681,"mid",0.37
"12",74500001,7.5e+07,0.357428,0.995035,"early",0.36
"12",75500001,7.6e+07,0.35983,0.997155,"early",0.36
"12",76000001,76500000,0.39598,0.997129,"early",0.4
"12",76500001,7.7e+07,0.389838,0.996363,"early",0.39
"12",77500001,7.8e+07,0.374078,0.991745,"early",0.37
"12",78000001,78500000,0.356664,0.992975,"early",0.36
"12",78500001,7.9e+07,0.355564,0.99596,"early",0.36
"12",80000001,80500000,0.37376,0.996833,"early",0.37
"12",81000001,81500000,0.360098,0.997149,"mid",0.36
"12",82000001,82500000,0.356248,0.994891,"late",0.36
"12",87000001,87500000,0.341408,0.98698,"early",0.34
"12",87500001,8.8e+07,0.353524,0.9906,"early",0.35
"12",88000001,88500000,0.357044,0.985384,"early",0.36
"12",88500001,8.9e+07,0.364162,0.997378,"early",0.36
"12",89000001,89500000,0.368368,0.988833,"early",0.37
"12",90000001,90500000,0.373314,0.99525,"early",0.37
"12",90500001,9.1e+07,0.357194,0.990294,"early",0.36
"12",91000001,91500000,0.35246,0.99693,"early",0.35
"12",91500001,9.2e+07,0.357426,0.998242,"early",0.36
"12",93500001,9.4e+07,0.416062,0.999385,"mid",0.42
"12",97000001,97500000,0.379376,0.992514,"early",0.38
"12",99000001,99500000,0.4011,0.997994,"mid",0.4
"12",99500001,1e+08,0.366928,0.998426,"mid",0.37
"12",100500001,1.01e+08,0.406968,0.998772,"late",0.41
"12",103000001,103500000,0.399354,0.994845,"mid",0.4
"12",103500001,1.04e+08,0.38414,0.993293,"early",0.38
"12",105500001,1.06e+08,0.41445,0.995708,"early",0.41
"12",106000001,106500000,0.41756,0.988219,"mid",0.42
"12",106500001,1.07e+08,0.423426,0.990597,"mid",0.42
"12",107000001,107500000,0.40263,0.998174,"mid",0.4
"12",108000001,108500000,0.42946,0.99745,"mid",0.43
"12",115000001,115500000,0.443186,0.999728,"late",0.44
"12",115500001,1.16e+08,0.423534,0.994952,"late",0.42
"12",116000001,116500000,0.422536,0.999854,"late",0.42
"12",116500001,1.17e+08,0.425584,0.999652,"late",0.43
"12",117000001,117500000,0.460372,0.999903,"late",0.46
"12",117500001,1.18e+08,0.469472,0.998684,"late",0.47
"12",119000001,119500000,0.423878,0.997168,"mid",0.42
"12",124000001,124500000,0.458526,0.999153,"early",0.46
"12",126500001,1.27e+08,0.406744,0.986773,"mid",0.41
"12",128000001,128500000,0.411866,0.994268,"late",0.41
"12",129000001,129500000,0.461184,0.999303,"late",0.46
"12",129500001,1.3e+08,0.430624,0.991414,"late",0.43
"12",130000001,130500000,0.430788,0.992501,"late",0.43
"13",21000001,21500000,0.414842,0.999675,"mid",0.41
"13",23000001,23500000,0.382622,0.994034,"late",0.38
"13",23500001,2.4e+07,0.410242,0.998265,"late",0.41
"13",24000001,24500000,0.411336,0.997852,"late",0.41
"13",24500001,2.5e+07,0.440478,0.995441,"late",0.44
"13",25000001,25500000,0.4225,0.993954,"late",0.42
"13",25500001,2.6e+07,0.417356,0.997518,"late",0.42
"13",26000001,26500000,0.412066,0.996045,"late",0.41
"13",26500001,2.7e+07,0.405208,0.998865,"late",0.41
"13",27000001,27500000,0.430918,0.99782,"late",0.43
"13",27500001,2.8e+07,0.438284,0.99838,"late",0.44
"13",28000001,28500000,0.422772,0.999566,"late",0.42
"13",28500001,2.9e+07,0.417502,0.999127,"late",0.42
"13",29000001,29500000,0.416384,0.997501,"late",0.42
"13",29500001,3e+07,0.402914,0.99423,"late",0.4
"13",31000001,31500000,0.43548,0.997081,"mid",0.44
"13",32000001,32500000,0.389686,0.996782,"mid",0.39
"13",32500001,3.3e+07,0.39255,0.998916,"mid",0.39
"13",33000001,33500000,0.391214,0.996247,"mid",0.39
"13",34000001,34500000,0.38322,0.997642,"mid",0.38
"13",35000001,35500000,0.391368,0.989005,"late",0.39
"13",36000001,36500000,0.390726,0.998869,"late",0.39
"13",36500001,3.7e+07,0.39092,0.991602,"late",0.39
"13",37000001,37500000,0.398248,0.996744,"late",0.4
"13",38000001,38500000,0.35526,0.995338,"mid",0.36
"13",38500001,3.9e+07,0.358244,0.990353,"mid",0.36
"13",39000001,39500000,0.370634,0.999624,"mid",0.37
"13",39500001,4e+07,0.385752,0.992176,"mid",0.39
"13",40000001,40500000,0.38034,0.998252,"mid",0.38
"13",40500001,4.1e+07,0.418436,0.990471,"mid",0.42
"13",41000001,41500000,0.422966,0.985354,"mid",0.42
"13",42500001,4.3e+07,0.3898,0.993472,"early",0.39
"13",46000001,46500000,0.429078,0.989638,"mid",0.43
"13",47000001,47500000,0.396002,0.994823,"mid",0.4
"13",47500001,4.8e+07,0.377262,0.991806,"mid",0.38
"13",48000001,48500000,0.395584,0.988053,"mid",0.4
"13",50000001,50500000,0.418496,0.995872,"mid",0.42
"13",51000001,51500000,0.39323,0.993609,"early",0.39
"13",52500001,5.3e+07,0.41569,0.986329,"mid",0.42
"13",54000001,54500000,0.359324,0.996142,"mid",0.36
"13",54500001,5.5e+07,0.35856,0.996196,"late",0.36
"13",58500001,5.9e+07,0.344748,0.997253,"late",0.34
"13",59000001,59500000,0.35645,0.987836,"late",0.36
"13",59500001,6e+07,0.376874,0.995932,"late",0.38
"13",60000001,60500000,0.37615,0.99371,"late",0.38
"13",60500001,6.1e+07,0.375556,0.991311,"late",0.38
"13",61000001,61500000,0.376506,0.991051,"late",0.38
"13",61500001,6.2e+07,0.361402,0.997359,"late",0.36
"13",62000001,62500000,0.346116,0.997437,"mid",0.35
"13",64000001,64500000,0.351758,0.9938,"late",0.35
"13",66500001,6.7e+07,0.355638,0.993871,"late",0.36
"13",67000001,67500000,0.345108,0.991893,"mid",0.35
"13",67500001,6.8e+07,0.350984,0.997594,"late",0.35
"13",68000001,68500000,0.349538,0.99119,"late",0.35
"13",71000001,71500000,0.341118,0.99916,"mid",0.34
"13",71500001,7.2e+07,0.347666,0.996576,"mid",0.35
"13",72500001,7.3e+07,0.363038,0.995888,"early",0.36
"13",73000001,73500000,0.37168,0.994431,"early",0.37
"13",73500001,7.4e+07,0.39637,0.998787,"early",0.4
"13",74000001,74500000,0.386438,0.992554,"early",0.39
"13",74500001,7.5e+07,0.376746,0.994586,"early",0.38
"13",75000001,75500000,0.373978,0.98531,"early",0.37
"13",75500001,7.6e+07,0.379404,0.995981,"early",0.38
"13",76500001,7.7e+07,0.36332,0.997449,"early",0.36
"13",77500001,7.8e+07,0.374854,0.995351,"early",0.37
"13",78500001,7.9e+07,0.365896,0.99569,"early",0.37
"13",80500001,8.1e+07,0.389848,0.995274,"mid",0.39
"13",82000001,82500000,0.346402,0.995427,"mid",0.35
"13",87000001,87500000,0.347532,0.994696,"late",0.35
"13",91000001,91500000,0.361712,0.994927,"late",0.36
"13",91500001,9.2e+07,0.367242,0.998988,"late",0.37
"13",92000001,92500000,0.366742,0.994567,"late",0.37
"13",96500001,9.7e+07,0.379038,0.991088,"mid",0.38
"13",97500001,9.8e+07,0.401306,0.99497,"mid",0.4
"13",102500001,1.03e+08,0.374154,0.997305,"mid",0.37
"13",103500001,1.04e+08,0.387618,0.998724,"mid",0.39
"13",105500001,1.06e+08,0.35669,0.995036,"mid",0.36
"13",106000001,106500000,0.363614,0.994252,"mid",0.36
"13",107500001,1.08e+08,0.385362,0.995796,"late",0.39
"13",109500001,1.1e+08,0.394112,0.998148,"mid",0.39
"13",110000001,110500000,0.417744,0.997095,"mid",0.42
"13",111500001,1.12e+08,0.446066,0.994623,"late",0.45
"13",113500001,1.14e+08,0.51422,0.995164,"late",0.51
"14",19000001,19500000,0.402928,0.983015,"late",0.4
"14",22500001,2.3e+07,0.395858,0.998332,"early",0.4
"14",25000001,25500000,0.397722,0.995897,"early",0.4
"14",25500001,2.6e+07,0.384584,0.991415,"early",0.38
"14",28500001,2.9e+07,0.355464,0.985756,"mid",0.36
"14",29000001,29500000,0.359594,0.996358,"mid",0.36
"14",31000001,31500000,0.380022,0.989228,"early",0.38
"14",31500001,3.2e+07,0.407734,0.997314,"mid",0.41
"14",32500001,3.3e+07,0.388478,0.995402,"early",0.39
"14",33500001,3.4e+07,0.376144,0.998297,"early",0.38
"14",34000001,34500000,0.402346,0.998843,"early",0.4
"14",34500001,3.5e+07,0.421592,0.989919,"early",0.42
"14",35500001,3.6e+07,0.422512,0.996971,"early",0.42
"14",36000001,36500000,0.38018,0.996444,"early",0.38
"14",37500001,3.8e+07,0.368396,0.991187,"early",0.37
"14",38500001,3.9e+07,0.372502,0.994937,"early",0.37
"14",41000001,41500000,0.342062,0.990067,"early",0.34
"14",42500001,4.3e+07,0.34929,0.994147,"mid",0.35
"14",44000001,44500000,0.351522,0.992998,"mid",0.35
"14",45500001,4.6e+07,0.382318,0.987741,"late",0.38
"14",46000001,46500000,0.36724,0.986252,"late",0.37
"14",48000001,48500000,0.359176,0.991452,"mid",0.36
"14",48500001,4.9e+07,0.353058,0.985396,"early",0.35
"14",49000001,49500000,0.35642,0.997276,"early",0.36
"14",52000001,52500000,0.403492,0.992205,"early",0.4
"14",53000001,53500000,0.393588,0.998525,"early",0.39
"14",54000001,54500000,0.388592,0.994956,"early",0.39
"14",54500001,5.5e+07,0.405526,0.994473,"early",0.41
"14",55000001,55500000,0.421056,0.997162,"early",0.42
"14",55500001,5.6e+07,0.41568,0.999438,"early",0.42
"14",59500001,6e+07,0.395854,0.996944,"mid",0.4
"14",61000001,61500000,0.383898,0.994588,"early",0.38
"14",61500001,6.2e+07,0.422242,0.989358,"early",0.42
"14",62000001,62500000,0.40073,0.999129,"early",0.4
"14",62500001,6.3e+07,0.3797,0.994151,"early",0.38
"14",63000001,63500000,0.366448,0.985864,"early",0.37
"14",63500001,6.4e+07,0.39737,0.988317,"early",0.4
"14",64000001,64500000,0.41417,0.999768,"early",0.41
"14",64500001,6.5e+07,0.418432,0.999324,"early",0.42
"14",66000001,66500000,0.404608,0.994182,"early",0.4
"14",66500001,6.7e+07,0.401004,0.996086,"early",0.4
"14",67000001,67500000,0.359896,0.992822,"early",0.36
"14",67500001,6.8e+07,0.412244,0.997804,"early",0.41
"14",68000001,68500000,0.412646,0.996497,"early",0.41
"14",68500001,6.9e+07,0.400322,0.996251,"early",0.4
"14",69500001,7e+07,0.438524,0.999493,"early",0.44
"14",72000001,72500000,0.405236,0.989944,"early",0.41
"14",72500001,7.3e+07,0.416574,0.996672,"early",0.42
"14",75500001,7.6e+07,0.449066,0.99969,"early",0.45
"14",76000001,76500000,0.418598,0.999389,"early",0.42
"14",78000001,78500000,0.44375,0.998292,"mid",0.44
"14",81500001,8.2e+07,0.402394,0.991946,"mid",0.4
"14",88500001,8.9e+07,0.409572,0.994259,"mid",0.41
"14",89000001,89500000,0.398034,0.99896,"mid",0.4
"14",90000001,90500000,0.41789,0.999027,"mid",0.42
"14",91000001,91500000,0.436658,0.998647,"mid",0.44
"14",92000001,92500000,0.40416,0.992678,"mid",0.4
"14",93000001,93500000,0.482038,0.995225,"mid",0.48
"14",96000001,96500000,0.45126,0.999692,"mid",0.45
"14",98000001,98500000,0.416588,0.999121,"late",0.42
"14",99000001,99500000,0.435086,0.99873,"mid",0.44
"14",99500001,1e+08,0.474312,0.999366,"mid",0.47
"15",24000001,24500000,0.393276,0.987162,"late",0.39
"15",24500001,2.5e+07,0.390518,0.981781,"late",0.39
"15",25000001,25500000,0.434976,0.999483,"late",0.43
"15",25500001,2.6e+07,0.408328,0.997087,"late",0.41
"15",26000001,26500000,0.432516,0.999272,"late",0.43
"15",26500001,2.7e+07,0.406504,0.997809,"late",0.41
"15",27000001,27500000,0.41359,0.996377,"late",0.41
"15",28000001,28500000,0.43969,0.986864,"late",0.44
"15",32000001,32500000,0.418088,0.99313,"late",0.42
"15",33500001,3.4e+07,0.41046,0.997744,"mid",0.41
"15",35000001,35500000,0.397202,0.998913,"mid",0.4
"15",36500001,3.7e+07,0.368958,0.995707,"mid",0.37
"15",37500001,3.8e+07,0.36533,0.983308,"mid",0.37
"15",38000001,38500000,0.384318,0.99808,"early",0.38
"15",38500001,3.9e+07,0.394586,0.999031,"early",0.39
"15",39000001,39500000,0.393756,0.992612,"early",0.39
"15",39500001,4e+07,0.399484,0.990601,"early",0.4
"15",40000001,40500000,0.420128,0.997524,"early",0.42
"15",42500001,4.3e+07,0.4222,0.999569,"early",0.42
"15",47000001,47500000,0.35878,0.987164,"mid",0.36
"15",49000001,49500000,0.384344,0.999911,"early",0.38
"15",49500001,5e+07,0.369332,0.985088,"early",0.37
"15",50000001,50500000,0.386104,0.993205,"early",0.39
"15",50500001,5.1e+07,0.406146,0.999003,"early",0.41
"15",52000001,52500000,0.4274,0.999103,"early",0.43
"15",52500001,5.3e+07,0.404444,0.998335,"early",0.4
"15",53000001,53500000,0.407142,0.989678,"early",0.41
"15",56500001,5.7e+07,0.368042,0.989405,"early",0.37
"15",57000001,57500000,0.377932,0.999051,"early",0.38
"15",58500001,5.9e+07,0.418104,0.998809,"early",0.42
"15",59000001,59500000,0.407996,0.999986,"early",0.41
"15",60000001,60500000,0.40608,0.99785,"early",0.41
"15",60500001,6.1e+07,0.4067,0.997989,"early",0.41
"15",61000001,61500000,0.421404,0.995277,"early",0.42
"15",61500001,6.2e+07,0.400328,0.997533,"early",0.4
"15",63000001,63500000,0.442288,0.998896,"early",0.44
"15",63500001,6.4e+07,0.423582,0.998124,"early",0.42
"15",65000001,65500000,0.478126,0.998979,"mid",0.48
"15",67500001,6.8e+07,0.390678,0.995308,"early",0.39
"15",69000001,69500000,0.433826,0.997015,"mid",0.43
"15",71500001,7.2e+07,0.421232,0.997133,"early",0.42
"15",79500001,8e+07,0.418264,0.988088,"mid",0.42
"15",80000001,80500000,0.424716,0.995611,"mid",0.42
"15",80500001,8.1e+07,0.439462,0.999127,"mid",0.44
"15",81500001,8.2e+07,0.39987,0.985816,"mid",0.4
"15",84000001,84500000,0.412354,0.982983,"early",0.41
"15",86500001,8.7e+07,0.40689,0.999361,"early",0.41
"15",87500001,8.8e+07,0.376888,0.9936,"mid",0.38
"15",91500001,9.2e+07,0.42063,0.995728,"early",0.42
"15",92000001,92500000,0.417044,0.994477,"early",0.42
"15",93500001,9.4e+07,0.450148,0.997841,"mid",0.45
"15",94000001,94500000,0.396592,0.990641,"mid",0.4
"15",94500001,9.5e+07,0.385846,0.997484,"mid",0.39
"15",96500001,9.7e+07,0.413012,0.999526,"late",0.41
"15",97000001,97500000,0.390414,0.99634,"late",0.39
"15",97500001,9.8e+07,0.376176,0.98647,"late",0.38
"15",100000001,100500000,0.404016,0.996963,"mid",0.4
"16",4000001,4500000,0.511952,0.999992,"mid",0.51
"16",6000001,6500000,0.417358,0.999592,"mid",0.42
"16",7000001,7500000,0.4153,0.999841,"late",0.42
"16",8000001,8500000,0.411972,0.993346,"mid",0.41
"16",10500001,1.1e+07,0.458112,0.997157,"mid",0.46
"16",11500001,1.2e+07,0.473242,0.998637,"mid",0.47
"16",13500001,1.4e+07,0.41586,0.999683,"early",0.42
"16",20500001,2.1e+07,0.421252,0.995996,"mid",0.42
"16",23500001,2.4e+07,0.450524,0.996834,"mid",0.45
"16",26000001,26500000,0.403928,0.997953,"mid",0.4
"16",31500001,3.2e+07,0.415124,0.980752,"mid",0.42
"16",34500001,3.5e+07,0.413356,0.986353,"late",0.41
"16",47000001,47500000,0.397682,0.99197,"mid",0.4
"16",50000001,50500000,0.450398,0.999019,"late",0.45
"16",51000001,51500000,0.436646,0.996556,"late",0.44
"16",52500001,5.3e+07,0.402406,0.999817,"late",0.4
"16",55500001,5.6e+07,0.434492,0.994395,"mid",0.43
"16",58500001,5.9e+07,0.435054,0.997146,"mid",0.44
"16",59000001,59500000,0.380346,0.991305,"early",0.38
"16",59500001,6e+07,0.366866,0.99204,"early",0.37
"16",60000001,60500000,0.374806,0.991358,"late",0.37
"16",61000001,61500000,0.359622,0.996848,"late",0.36
"16",61500001,6.2e+07,0.362802,0.982895,"late",0.36
"16",62000001,62500000,0.369808,0.997946,"late",0.37
"16",62500001,6.3e+07,0.367752,0.997976,"late",0.37
"16",63000001,63500000,0.362714,0.984731,"late",0.36
"16",63500001,6.4e+07,0.361936,0.998274,"late",0.36
"16",64000001,64500000,0.367146,0.998234,"late",0.37
"16",73500001,7.4e+07,0.408396,0.991321,"mid",0.41
"16",76000001,76500000,0.36429,0.997394,"early",0.36
"16",76500001,7.7e+07,0.365798,0.993822,"early",0.37
"16",77500001,7.8e+07,0.424968,0.999262,"late",0.42
"16",78000001,78500000,0.423548,0.999845,"late",0.42
"16",78500001,7.9e+07,0.427676,0.999459,"late",0.43
"16",79000001,79500000,0.437052,0.999727,"late",0.44
"16",80500001,8.1e+07,0.417758,0.997627,"early",0.42
"16",82000001,82500000,0.41524,0.989954,"early",0.42
"17",8500001,9e+06,0.460258,0.999991,"mid",0.46
"17",10000001,10500000,0.42888,0.997617,"late",0.43
"17",10500001,1.1e+07,0.438514,0.997296,"late",0.44
"17",11000001,11500000,0.43124,0.997893,"late",0.43
"17",11500001,1.2e+07,0.418304,0.993703,"late",0.42
"17",12000001,12500000,0.396518,0.99049,"late",0.4
"17",12500001,1.3e+07,0.427612,0.998218,"late",0.43
"17",13000001,13500000,0.395446,0.998549,"late",0.4
"17",13500001,1.4e+07,0.403704,0.997106,"late",0.4
"17",25500001,2.6e+07,0.470954,0.994537,"mid",0.47
"17",26000001,26500000,0.429364,0.996566,"early",0.43
"17",28500001,2.9e+07,0.43004,0.981152,"early",0.43
"17",31000001,31500000,0.42887,0.983792,"mid",0.43
"17",33500001,3.4e+07,0.412266,0.992999,"early",0.41
"17",34000001,34500000,0.448548,0.980539,"mid",0.45
"17",38500001,3.9e+07,0.447434,0.999592,"early",0.45
"17",39000001,39500000,0.407248,0.986283,"early",0.41
"17",39500001,4e+07,0.50511,0.999389,"early",0.51
"17",41000001,41500000,0.468704,0.997058,"early",0.47
"17",45000001,45500000,0.429276,0.989151,"early",0.43
"17",49000001,49500000,0.427164,0.997854,"early",0.43
"17",49500001,5e+07,0.415182,0.995301,"early",0.42
"17",50000001,50500000,0.376986,0.992849,"early",0.38
"17",50500001,5.1e+07,0.36747,0.995537,"mid",0.37
"17",56500001,5.7e+07,0.42656,0.998219,"early",0.43
"17",57000001,57500000,0.424472,0.997452,"early",0.42
"17",57500001,5.8e+07,0.414216,0.998557,"early",0.41
"17",58000001,58500000,0.42968,0.985771,"mid",0.43
"17",58500001,5.9e+07,0.405658,0.991637,"early",0.41
"17",61000001,61500000,0.379424,0.999749,"early",0.38
"17",63000001,63500000,0.44728,0.999232,"early",0.45
"17",63500001,6.4e+07,0.409688,0.999574,"early",0.41
"17",68000001,68500000,0.375234,0.987973,"mid",0.38
"17",68500001,6.9e+07,0.369086,0.988669,"early",0.37
"17",69000001,69500000,0.376062,0.996021,"early",0.38
"17",69500001,7e+07,0.386288,0.997914,"early",0.39
"17",70500001,7.1e+07,0.464842,0.998719,"early",0.46
"18",500001,1e+06,0.424806,0.984224,"late",0.42
"18",3000001,3500000,0.41853,0.999635,"mid",0.42
"18",3500001,4e+06,0.414206,0.995109,"mid",0.41
"18",4000001,4500000,0.376408,0.994689,"mid",0.38
"18",5000001,5500000,0.390376,0.991217,"late",0.39
"18",5500001,6e+06,0.407364,0.992009,"late",0.41
"18",6000001,6500000,0.39419,0.99426,"late",0.39
"18",6500001,7e+06,0.403404,0.998797,"late",0.4
"18",7000001,7500000,0.435144,0.993433,"late",0.44
"18",9000001,9500000,0.399968,0.995913,"early",0.4
"18",9500001,1e+07,0.421542,0.998507,"early",0.42
"18",11000001,11500000,0.401694,0.997873,"mid",0.4
"18",13500001,1.4e+07,0.430918,0.989536,"mid",0.43
"18",14000001,14500000,0.42241,0.981472,"late",0.42
"18",19500001,2e+07,0.43415,0.999136,"early",0.43
"18",21000001,21500000,0.431246,0.999152,"early",0.43
"18",21500001,2.2e+07,0.416176,0.997603,"early",0.42
"18",22000001,22500000,0.412626,0.986445,"early",0.41
"18",24500001,2.5e+07,0.379562,0.992499,"mid",0.38
"18",25500001,2.6e+07,0.37116,0.991902,"late",0.37
"18",27000001,27500000,0.345824,0.997507,"early",0.35
"18",28000001,28500000,0.355266,0.998986,"early",0.36
"18",28500001,2.9e+07,0.36826,0.993798,"early",0.37
"18",29000001,29500000,0.394636,0.998946,"early",0.39
"18",29500001,3e+07,0.411504,0.994088,"mid",0.41
"18",30500001,3.1e+07,0.348942,0.997601,"early",0.35
"18",31000001,31500000,0.361666,0.994316,"mid",0.36
"18",31500001,3.2e+07,0.3556,0.994581,"mid",0.36
"18",33500001,3.4e+07,0.419476,0.99384,"mid",0.42
"18",35000001,35500000,0.450562,0.988003,"late",0.45
"18",37000001,37500000,0.37327,0.990666,"late",0.37
"18",37500001,3.8e+07,0.361302,0.990214,"mid",0.36
"18",39000001,39500000,0.38068,0.987181,"late",0.38
"18",39500001,4e+07,0.375336,0.998498,"late",0.38
"18",40000001,40500000,0.36627,0.99622,"late",0.37
"18",45000001,45500000,0.424858,0.988015,"mid",0.42
"18",50500001,5.1e+07,0.361358,0.993489,"mid",0.36
"18",51000001,51500000,0.372882,0.995273,"mid",0.37
"18",51500001,5.2e+07,0.386678,0.987367,"mid",0.39
"18",52500001,5.3e+07,0.38789,0.999308,"mid",0.39
"18",53000001,53500000,0.37972,0.995612,"mid",0.38
"18",53500001,5.4e+07,0.390978,0.994773,"mid",0.39
"18",59500001,6e+07,0.382032,0.994944,"early",0.38
"18",62000001,62500000,0.364096,0.99647,"early",0.36
"18",62500001,6.3e+07,0.34658,0.996361,"early",0.35
"18",66500001,6.7e+07,0.346156,0.99636,"early",0.35
"18",67500001,6.8e+07,0.386562,0.998174,"mid",0.39
"18",68000001,68500000,0.393728,0.985132,"mid",0.39
"18",70000001,70500000,0.371472,0.999649,"late",0.37
"18",70500001,7.1e+07,0.366684,0.988217,"late",0.37
"18",71500001,7.2e+07,0.423282,0.99815,"late",0.42
"18",72500001,7.3e+07,0.419178,0.997684,"late",0.42
"18",73000001,73500000,0.416478,0.999108,"late",0.42
"18",73500001,7.4e+07,0.408944,0.988498,"late",0.41
"18",75000001,75500000,0.410836,0.994527,"late",0.41
"18",76000001,76500000,0.459354,0.994602,"late",0.46
"19",9000001,9500000,0.446596,0.998289,"mid",0.45
"19",21000001,21500000,0.40364,0.995372,"mid",0.4
"19",21500001,2.2e+07,0.415284,0.992265,"late",0.42
"19",22000001,22500000,0.404612,0.992481,"late",0.4
"19",22500001,2.3e+07,0.421356,0.998377,"late",0.42
"19",23000001,23500000,0.416322,0.994251,"late",0.42
"19",23500001,2.4e+07,0.410952,0.994287,"late",0.41
"19",24000001,24500000,0.40568,0.9931,"late",0.41
"19",28000001,28500000,0.406398,0.990737,"late",0.41
"19",28500001,2.9e+07,0.431732,0.995147,"late",0.43
"19",29000001,29500000,0.428818,0.994326,"late",0.43
"19",29500001,3e+07,0.464432,0.986102,"late",0.46
"19",30000001,30500000,0.481046,0.995016,"late",0.48
"19",30500001,3.1e+07,0.464304,0.994081,"late",0.46
"19",31000001,31500000,0.444528,0.998454,"late",0.44
"19",37000001,37500000,0.412144,0.994643,"mid",0.41
"19",52500001,5.3e+07,0.433732,0.998668,"late",0.43
"19",53000001,53500000,0.452356,0.995575,"late",0.45
"19",56500001,5.7e+07,0.4609,0.993347,"late",0.46
"19",57500001,5.8e+07,0.44371,0.995475,"late",0.44
"2",2000001,2500000,0.415104,0.991241,"late",0.42
"2",3000001,3500000,0.476892,0.992667,"late",0.48
"2",4000001,4500000,0.393196,0.994046,"late",0.39
"2",4500001,5e+06,0.380274,0.983759,"late",0.38
"2",5500001,6e+06,0.414498,0.99571,"late",0.41
"2",6000001,6500000,0.400106,0.998474,"late",0.4
"2",6500001,7e+06,0.400626,0.999588,"late",0.4
"2",7000001,7500000,0.422898,0.997923,"late",0.42
"2",7500001,8e+06,0.399838,0.99981,"mid",0.4
"2",9000001,9500000,0.437804,0.996092,"early",0.44
"2",11500001,1.2e+07,0.464634,0.997812,"mid",0.46
"2",12500001,1.3e+07,0.405894,0.991409,"mid",0.41
"2",13000001,13500000,0.36521,0.997956,"mid",0.37
"2",14500001,1.5e+07,0.389488,0.986365,"late",0.39
"2",15000001,15500000,0.403918,0.998705,"late",0.4
"2",15500001,1.6e+07,0.42549,0.994523,"late",0.43
"2",16500001,1.7e+07,0.416162,0.989204,"late",0.42
"2",18500001,1.9e+07,0.385048,0.99696,"early",0.39
"2",19500001,2e+07,0.419064,0.994945,"early",0.42
"2",24500001,2.5e+07,0.392224,0.998765,"early",0.39
"2",26000001,26500000,0.437176,0.999189,"early",0.44
"2",28000001,28500000,0.390418,0.996918,"early",0.39
"2",28500001,2.9e+07,0.46917,0.99888,"early",0.47
"2",30000001,30500000,0.43294,0.998974,"early",0.43
"2",32500001,3.3e+07,0.39283,0.997962,"early",0.39
"2",33500001,3.4e+07,0.402814,0.998776,"mid",0.4
"2",34500001,3.5e+07,0.370322,0.987889,"late",0.37
"2",37000001,37500000,0.396428,0.997875,"early",0.4
"2",38500001,3.9e+07,0.430164,0.996789,"early",0.43
"2",39000001,39500000,0.40225,0.999105,"early",0.4
"2",40500001,4.1e+07,0.361836,0.997559,"early",0.36
"2",41000001,41500000,0.349114,0.998182,"early",0.35
"2",42000001,42500000,0.43216,0.998822,"mid",0.43
"2",43500001,4.4e+07,0.396016,0.986193,"early",0.4
"2",44500001,4.5e+07,0.382776,0.996182,"early",0.38
"2",45500001,4.6e+07,0.407198,0.999013,"early",0.41
"2",46000001,46500000,0.441306,0.998919,"early",0.44
"2",46500001,4.7e+07,0.42455,0.999107,"early",0.42
"2",48500001,4.9e+07,0.402944,0.993804,"mid",0.4
"2",49500001,5e+07,0.36782,0.994374,"late",0.37
"2",51500001,5.2e+07,0.347896,0.992937,"mid",0.35
"2",52500001,5.3e+07,0.36701,0.996301,"mid",0.37
"2",53000001,53500000,0.363178,0.997098,"early",0.36
"2",53500001,5.4e+07,0.387832,0.990002,"early",0.39
"2",54500001,5.5e+07,0.413456,0.999479,"early",0.41
"2",55000001,55500000,0.4055,0.999315,"early",0.41
"2",55500001,5.6e+07,0.391538,0.994347,"early",0.39
"2",59500001,6e+07,0.371798,0.994164,"mid",0.37
"2",60000001,60500000,0.405448,0.983306,"mid",0.41
"2",62000001,62500000,0.422144,0.997546,"mid",0.42
"2",63000001,63500000,0.369786,0.992332,"early",0.37
"2",63500001,6.4e+07,0.380168,0.997023,"early",0.38
"2",64000001,64500000,0.389496,0.997914,"early",0.39
"2",64500001,6.5e+07,0.422348,0.997045,"early",0.42
"2",67000001,67500000,0.375956,0.995794,"early",0.38
"2",69000001,69500000,0.41403,0.999219,"early",0.41
"2",69500001,7e+07,0.419636,0.999755,"early",0.42
"2",70000001,70500000,0.43865,0.998861,"early",0.44
"2",70500001,7.1e+07,0.436698,0.996701,"early",0.44
"2",72500001,7.3e+07,0.36576,0.991202,"early",0.37
"2",73500001,7.4e+07,0.410628,0.988286,"early",0.41
"2",75000001,75500000,0.419584,0.993345,"early",0.42
"2",75500001,7.6e+07,0.395448,0.997266,"early",0.4
"2",76000001,76500000,0.366388,0.994489,"early",0.37
"2",76500001,7.7e+07,0.365168,0.985077,"mid",0.37
"2",79000001,79500000,0.387532,0.993906,"late",0.39
"2",79500001,8e+07,0.374664,0.992052,"late",0.37
"2",80000001,80500000,0.393796,0.997535,"late",0.39
"2",80500001,8.1e+07,0.38549,0.999969,"late",0.39
"2",81000001,81500000,0.360474,0.997851,"late",0.36
"2",82000001,82500000,0.354718,0.997787,"late",0.35
"2",82500001,8.3e+07,0.346884,0.998708,"mid",0.35
"2",83000001,83500000,0.359132,0.99297,"mid",0.36
"2",83500001,8.4e+07,0.350524,0.990141,"early",0.35
"2",84000001,84500000,0.37801,0.991701,"early",0.38
"2",89000001,89500000,0.400118,0.991472,"late",0.4
"2",96000001,96500000,0.436468,0.989273,"late",0.44
"2",102000001,102500000,0.427926,0.996613,"early",0.43
"2",102500001,1.03e+08,0.41898,0.999105,"early",0.42
"2",103500001,1.04e+08,0.373886,0.997676,"mid",0.37
"2",104000001,104500000,0.360412,0.99862,"mid",0.36
"2",104500001,1.05e+08,0.361862,0.998553,"mid",0.36
"2",108500001,1.09e+08,0.390644,0.985029,"mid",0.39
"2",112000001,112500000,0.449012,0.997886,"late",0.45
"2",113500001,1.14e+08,0.441018,0.997516,"early",0.44
"2",114500001,1.15e+08,0.403882,0.993331,"early",0.4
"2",115500001,1.16e+08,0.371724,0.994462,"mid",0.37
"2",117000001,117500000,0.361138,0.99863,"late",0.36
"2",119000001,119500000,0.413208,0.993813,"mid",0.41
"2",120500001,1.21e+08,0.392372,0.995533,"early",0.39
"2",123000001,123500000,0.382662,0.992754,"early",0.38
"2",123500001,1.24e+08,0.358752,0.997688,"early",0.36
"2",124500001,1.25e+08,0.374142,0.991213,"late",0.37
"2",125000001,125500000,0.39075,0.983553,"late",0.39
"2",125500001,1.26e+08,0.372246,0.997636,"late",0.37
"2",126000001,126500000,0.368438,0.994573,"late",0.37
"2",126500001,1.27e+08,0.372078,0.986397,"mid",0.37
"2",129500001,1.3e+08,0.415932,0.988381,"late",0.42
"2",130500001,1.31e+08,0.454624,0.980174,"late",0.45
"2",133500001,1.34e+08,0.388308,0.998182,"mid",0.39
"2",134500001,1.35e+08,0.423374,0.985775,"early",0.42
"2",135000001,135500000,0.431204,0.990966,"early",0.43
"2",135500001,1.36e+08,0.400644,0.991831,"mid",0.4
"2",138500001,1.39e+08,0.378076,0.999216,"mid",0.38
"2",139000001,139500000,0.377312,0.997358,"mid",0.38
"2",139500001,1.4e+08,0.367056,0.998118,"mid",0.37
"2",140500001,1.41e+08,0.358218,0.99522,"late",0.36
"2",143500001,1.44e+08,0.36721,0.991212,"mid",0.37
"2",145000001,145500000,0.38052,0.998816,"late",0.38
"2",147500001,1.48e+08,0.369824,0.996299,"late",0.37
"2",148000001,148500000,0.387512,0.994722,"late",0.39
"2",149000001,149500000,0.386704,0.993192,"late",0.39
"2",150500001,1.51e+08,0.37496,0.985293,"mid",0.37
"2",151000001,151500000,0.382416,0.998217,"mid",0.38
"2",151500001,1.52e+08,0.384446,0.99948,"mid",0.38
"2",153500001,1.54e+08,0.377432,0.98983,"mid",0.38
"2",154000001,154500000,0.373374,0.989232,"mid",0.37
"2",154500001,1.55e+08,0.35807,0.990785,"mid",0.36
"2",159000001,159500000,0.378702,0.985592,"early",0.38
"2",160000001,160500000,0.383902,0.995275,"early",0.38
"2",161000001,161500000,0.394298,0.997696,"early",0.39
"2",161500001,1.62e+08,0.384302,0.983358,"early",0.38
"2",162000001,162500000,0.369276,0.993858,"early",0.37
"2",162500001,1.63e+08,0.365532,0.996285,"early",0.37
"2",163000001,163500000,0.359308,0.996702,"early",0.36
"2",163500001,1.64e+08,0.352862,0.997804,"early",0.35
"2",165500001,1.66e+08,0.364528,0.996779,"early",0.36
"2",166500001,1.67e+08,0.368144,0.989506,"mid",0.37
"2",168000001,168500000,0.36534,0.995038,"mid",0.37
"2",169500001,1.7e+08,0.39326,0.996634,"early",0.39
"2",173000001,173500000,0.423148,0.988248,"early",0.42
"2",173500001,1.74e+08,0.40522,0.998423,"early",0.41
"2",174000001,174500000,0.40726,0.995972,"early",0.41
"2",175000001,175500000,0.401194,0.985568,"mid",0.4
"2",177000001,177500000,0.39969,0.998839,"mid",0.4
"2",180500001,1.81e+08,0.370546,0.997682,"mid",0.37
"2",183000001,183500000,0.36716,0.987712,"mid",0.37
"2",184500001,1.85e+08,0.357286,0.994326,"mid",0.36
"2",186500001,1.87e+08,0.347396,0.987345,"early",0.35
"2",187000001,187500000,0.367196,0.99213,"mid",0.37
"2",187500001,1.88e+08,0.37073,0.997455,"mid",0.37
"2",188000001,188500000,0.350358,0.995272,"early",0.35
"2",188500001,1.89e+08,0.360102,0.993171,"mid",0.36
"2",189500001,1.9e+08,0.34926,0.990656,"early",0.35
"2",190000001,190500000,0.36796,0.99836,"early",0.37
"2",190500001,1.91e+08,0.373348,0.997339,"early",0.37
"2",191000001,191500000,0.395198,0.996578,"early",0.4
"2",192000001,192500000,0.39946,0.998077,"early",0.4
"2",192500001,1.93e+08,0.37747,0.99209,"early",0.38
"2",194500001,1.95e+08,0.339386,0.992265,"early",0.34
"2",195500001,1.96e+08,0.346414,0.989876,"mid",0.35
"2",196500001,1.97e+08,0.375002,0.996319,"mid",0.38
"2",197000001,197500000,0.391036,0.994826,"mid",0.39
"2",197500001,1.98e+08,0.38252,0.985171,"mid",0.38
"2",199000001,199500000,0.368832,0.994162,"mid",0.37
"2",199500001,2e+08,0.358118,0.998432,"early",0.36
"2",200500001,2.01e+08,0.39192,0.999537,"early",0.39
"2",202000001,202500000,0.4026,0.989031,"early",0.4
"2",202500001,2.03e+08,0.42482,0.998584,"early",0.42
"2",203000001,203500000,0.424208,0.996974,"early",0.42
"2",203500001,2.04e+08,0.391692,0.998515,"early",0.39
"2",205000001,205500000,0.399108,0.997128,"mid",0.4
"2",206000001,206500000,0.38627,0.996461,"mid",0.39
"2",206500001,2.07e+08,0.435302,0.999535,"mid",0.44
"2",207500001,2.08e+08,0.397394,0.988211,"early",0.4
"2",208500001,2.09e+08,0.425486,0.998573,"mid",0.43
"2",210000001,210500000,0.363676,0.989966,"mid",0.36
"2",211500001,2.12e+08,0.35791,0.993253,"late",0.36
"2",214000001,214500000,0.361614,0.986624,"early",0.36
"2",214500001,2.15e+08,0.359406,0.995857,"early",0.36
"2",215000001,215500000,0.363696,0.996467,"early",0.36
"2",216000001,216500000,0.394844,0.995818,"early",0.39
"2",218000001,218500000,0.409922,0.998844,"early",0.41
"2",220500001,2.21e+08,0.426718,0.992094,"early",0.43
"2",222000001,222500000,0.388168,0.998378,"mid",0.39
"2",222500001,2.23e+08,0.387814,0.994057,"mid",0.39
"2",226500001,2.27e+08,0.365844,0.992722,"mid",0.37
"2",227000001,227500000,0.379154,0.996467,"mid",0.38
"2",228000001,228500000,0.401392,0.998491,"mid",0.4
"2",229000001,229500000,0.374426,0.985403,"mid",0.37
"2",229500001,2.3e+08,0.380618,0.989301,"mid",0.38
"2",234500001,2.35e+08,0.42694,0.996501,"mid",0.43
"2",235000001,235500000,0.440006,0.998059,"mid",0.44
"2",238500001,2.39e+08,0.460522,0.998006,"mid",0.46
"20",1000001,1500000,0.444274,0.996523,"early",0.44
"20",2000001,2500000,0.445346,0.997755,"early",0.45
"20",2500001,3e+06,0.454596,0.995527,"early",0.45
"20",4500001,5e+06,0.441066,0.999509,"early",0.44
"20",5500001,6e+06,0.428258,0.998203,"early",0.43
"20",6500001,7e+06,0.388868,0.997758,"early",0.39
"20",7000001,7500000,0.367878,0.988214,"early",0.37
"20",7500001,8e+06,0.371932,0.997471,"mid",0.37
"20",8500001,9e+06,0.387286,0.99152,"late",0.39
"20",9500001,1e+07,0.387276,0.993609,"mid",0.39
"20",10500001,1.1e+07,0.408626,0.999736,"mid",0.41
"20",11500001,1.2e+07,0.390296,0.990937,"mid",0.39
"20",12000001,12500000,0.386798,0.988212,"mid",0.39
"20",12500001,1.3e+07,0.387526,0.981333,"mid",0.39
"20",14000001,14500000,0.368616,0.995601,"mid",0.37
"20",14500001,1.5e+07,0.376372,0.998838,"mid",0.38
"20",16500001,1.7e+07,0.407028,0.995961,"mid",0.41
"20",17500001,1.8e+07,0.46711,0.999054,"mid",0.47
"20",20500001,2.1e+07,0.417536,0.999948,"mid",0.42
"20",22000001,22500000,0.398468,0.995762,"mid",0.4
"20",25500001,2.6e+07,0.428434,0.990279,"late",0.43
"20",30000001,30500000,0.476644,0.997783,"early",0.48
"20",30500001,3.1e+07,0.468072,0.997035,"early",0.47
"20",31500001,3.2e+07,0.480854,0.998213,"early",0.48
"20",32500001,3.3e+07,0.451462,0.99294,"early",0.45
"20",33000001,33500000,0.43904,0.99818,"early",0.44
"20",33500001,3.4e+07,0.45845,0.996871,"early",0.46
"20",34000001,34500000,0.458276,0.99989,"early",0.46
"20",36000001,36500000,0.462316,0.999377,"early",0.46
"20",36500001,3.7e+07,0.474632,0.999324,"early",0.47
"20",37000001,37500000,0.456556,0.997936,"early",0.46
"20",37500001,3.8e+07,0.44548,0.994553,"early",0.45
"20",40000001,40500000,0.422982,0.996426,"early",0.42
"20",43500001,4.4e+07,0.429058,0.999067,"early",0.43
"20",44000001,44500000,0.436784,0.995484,"early",0.44
"20",45500001,4.6e+07,0.457252,0.99958,"early",0.46
"20",47500001,4.8e+07,0.448652,0.998079,"early",0.45
"20",48000001,48500000,0.46199,0.999635,"early",0.46
"20",49000001,49500000,0.482302,0.999788,"early",0.48
"20",50000001,50500000,0.471472,0.999785,"early",0.47
"20",51500001,5.2e+07,0.41535,0.999814,"mid",0.42
"20",52000001,52500000,0.43852,0.982889,"mid",0.44
"20",53000001,53500000,0.391808,0.992684,"mid",0.39
"20",53500001,5.4e+07,0.374664,0.99424,"mid",0.37
"20",57500001,5.8e+07,0.455532,0.998818,"late",0.46
"20",58000001,58500000,0.448382,0.99535,"late",0.45
"20",59000001,59500000,0.422272,0.994961,"mid",0.42
"21",15500001,1.6e+07,0.362074,0.994361,"mid",0.36
"21",16000001,16500000,0.371336,0.989759,"mid",0.37
"21",18500001,1.9e+07,0.39477,0.984639,"late",0.39
"21",19000001,19500000,0.390388,0.995391,"late",0.39
"21",21000001,21500000,0.3482,0.996011,"late",0.35
"21",21500001,2.2e+07,0.349954,0.997275,"late",0.35
"21",22000001,22500000,0.35707,0.999519,"late",0.36
"21",23000001,23500000,0.354,0.997923,"late",0.35
"21",25000001,25500000,0.364514,0.998862,"late",0.36
"21",25500001,2.6e+07,0.346154,0.998883,"mid",0.35
"21",26000001,26500000,0.35774,0.998228,"mid",0.36
"21",27000001,27500000,0.398722,0.9936,"late",0.4
"21",28500001,2.9e+07,0.359762,0.995525,"mid",0.36
"21",29500001,3e+07,0.369398,0.998888,"early",0.37
"21",31000001,31500000,0.374418,0.999504,"early",0.37
"21",33500001,3.4e+07,0.448656,0.996321,"mid",0.45
"21",34000001,34500000,0.426172,0.99967,"mid",0.43
"21",36500001,3.7e+07,0.403358,0.992428,"early",0.4
"21",37000001,37500000,0.42576,0.998305,"early",0.43
"21",38000001,38500000,0.447764,0.998549,"mid",0.45
"21",39000001,39500000,0.427902,0.997612,"mid",0.43
"21",40500001,4.1e+07,0.416792,0.998388,"mid",0.42
"21",41000001,41500000,0.434296,0.990152,"mid",0.43
"21",41500001,4.2e+07,0.40345,0.997574,"early",0.4
"22",22000001,22500000,0.473258,0.995916,"mid",0.47
"22",26000001,26500000,0.442972,0.998162,"mid",0.44
"22",28500001,2.9e+07,0.384274,0.992185,"early",0.38
"22",34000001,34500000,0.437224,0.999955,"mid",0.44
"22",40000001,40500000,0.459384,0.997459,"mid",0.46
"22",40500001,4.1e+07,0.435826,0.996202,"early",0.44
"22",41000001,41500000,0.448704,0.994793,"early",0.45
"22",48000001,48500000,0.44871,0.99975,"mid",0.45
"3",500001,1e+06,0.365432,0.986388,"late",0.37
"3",1000001,1500000,0.364236,0.995562,"late",0.36
"3",1500001,2e+06,0.36792,0.991634,"late",0.37
"3",2000001,2500000,0.370548,0.994817,"late",0.37
"3",2500001,3e+06,0.383322,0.998363,"late",0.38
"3",3000001,3500000,0.39591,0.997842,"late",0.4
"3",6000001,6500000,0.375358,0.993209,"mid",0.38
"3",7500001,8e+06,0.39053,0.998855,"mid",0.39
"3",14000001,14500000,0.460528,0.993658,"mid",0.46
"3",14500001,1.5e+07,0.480022,0.999271,"mid",0.48
"3",15000001,15500000,0.434308,0.990653,"mid",0.43
"3",16500001,1.7e+07,0.401118,0.995363,"mid",0.4
"3",17000001,17500000,0.384084,0.992079,"mid",0.38
"3",17500001,1.8e+07,0.381972,0.991991,"mid",0.38
"3",18500001,1.9e+07,0.37022,0.988171,"late",0.37
"3",19000001,19500000,0.363354,0.984796,"late",0.36
"3",19500001,2e+07,0.384698,0.986913,"late",0.38
"3",20000001,20500000,0.390184,0.994013,"late",0.39
"3",20500001,2.1e+07,0.366664,0.998968,"late",0.37
"3",21000001,21500000,0.365466,0.990994,"late",0.37
"3",22000001,22500000,0.36072,0.980504,"mid",0.36
"3",25500001,2.6e+07,0.389152,0.998446,"mid",0.39
"3",27000001,27500000,0.380752,0.994472,"mid",0.38
"3",28500001,2.9e+07,0.37797,0.995533,"mid",0.38
"3",29500001,3e+07,0.36096,0.998611,"early",0.36
"3",30000001,30500000,0.373194,0.991245,"early",0.37
"3",32500001,3.3e+07,0.432228,0.99877,"mid",0.43
"3",33000001,33500000,0.4171,0.998872,"early",0.42
"3",33500001,3.4e+07,0.38578,0.995466,"early",0.39
"3",35500001,3.6e+07,0.363034,0.994628,"early",0.36
"3",36000001,36500000,0.37574,0.991251,"early",0.38
"3",36500001,3.7e+07,0.412454,0.997845,"early",0.41
"3",40500001,4.1e+07,0.41847,0.991565,"mid",0.42
"3",41500001,4.2e+07,0.389124,0.98539,"mid",0.39
"3",51000001,51500000,0.414876,0.98808,"early",0.41
"3",55500001,5.6e+07,0.422666,0.998223,"mid",0.42
"3",56000001,56500000,0.394804,0.998627,"early",0.39
"3",56500001,5.7e+07,0.413682,0.996062,"early",0.41
"3",57000001,57500000,0.417614,0.994185,"early",0.42
"3",57500001,5.8e+07,0.417552,0.997509,"early",0.42
"3",59000001,59500000,0.394108,0.995177,"early",0.39
"3",59500001,6e+07,0.406528,0.99885,"early",0.41
"3",63500001,6.4e+07,0.398072,0.989614,"mid",0.4
"3",64000001,64500000,0.415912,0.998863,"mid",0.42
"3",64500001,6.5e+07,0.398782,0.996979,"mid",0.4
"3",65000001,65500000,0.396866,0.992233,"mid",0.4
"3",66500001,6.7e+07,0.410906,0.996673,"late",0.41
"3",67500001,6.8e+07,0.387046,0.996645,"mid",0.39
"3",70000001,70500000,0.374632,0.992058,"early",0.37
"3",70500001,7.1e+07,0.379226,0.996315,"mid",0.38
"3",71000001,71500000,0.409166,0.999788,"mid",0.41
"3",74000001,74500000,0.373424,0.997017,"mid",0.37
"3",75000001,75500000,0.403692,0.983546,"late",0.4
"3",75500001,7.6e+07,0.415376,0.992602,"late",0.42
"3",76500001,7.7e+07,0.357132,0.997418,"late",0.36
"3",77000001,77500000,0.361626,0.997784,"late",0.36
"3",78000001,78500000,0.363436,0.997973,"late",0.36
"3",79000001,79500000,0.351914,0.990449,"mid",0.35
"3",81000001,81500000,0.359586,0.988755,"late",0.36
"3",82000001,82500000,0.357106,0.98925,"late",0.36
"3",82500001,8.3e+07,0.350428,0.996501,"late",0.35
"3",87000001,87500000,0.361986,0.995801,"mid",0.36
"3",87500001,8.8e+07,0.360848,0.99255,"mid",0.36
"3",94000001,94500000,0.362448,0.995643,"late",0.36
"3",97000001,97500000,0.355672,0.992226,"early",0.36
"3",97500001,9.8e+07,0.372136,0.993612,"early",0.37
"3",98000001,98500000,0.379522,0.99523,"early",0.38
"3",99000001,99500000,0.376336,0.990495,"early",0.38
"3",99500001,1e+08,0.39247,0.99893,"early",0.39
"3",100000001,100500000,0.390788,0.990159,"early",0.39
"3",101000001,101500000,0.398706,0.989414,"early",0.4
"3",101500001,1.02e+08,0.38568,0.993844,"early",0.39
"3",102000001,102500000,0.366256,0.99691,"early",0.37
"3",104000001,104500000,0.3525,0.998726,"mid",0.35
"3",105000001,105500000,0.359826,0.988687,"mid",0.36
"3",106000001,106500000,0.363242,0.994328,"mid",0.36
"3",107000001,107500000,0.37655,0.993213,"mid",0.38
"3",108500001,1.09e+08,0.38337,0.988504,"late",0.38
"3",109000001,109500000,0.393178,0.992027,"late",0.39
"3",110000001,110500000,0.363074,0.990869,"early",0.36
"3",110500001,1.11e+08,0.368502,0.9907,"early",0.37
"3",111000001,111500000,0.385312,0.987578,"early",0.39
"3",111500001,1.12e+08,0.389026,0.993642,"early",0.39
"3",112000001,112500000,0.38811,0.991114,"early",0.39
"3",112500001,1.13e+08,0.403862,0.985719,"early",0.4
"3",113000001,113500000,0.39366,0.995614,"early",0.39
"3",115500001,1.16e+08,0.378056,0.993562,"late",0.38
"3",116000001,116500000,0.371324,0.985362,"late",0.37
"3",116500001,1.17e+08,0.36906,0.99681,"late",0.37
"3",117000001,117500000,0.370662,0.997771,"late",0.37
"3",118000001,118500000,0.377142,0.998122,"early",0.38
"3",119500001,1.2e+08,0.395754,0.998781,"early",0.4
"3",120500001,1.21e+08,0.366002,0.989624,"early",0.37
"3",121000001,121500000,0.393114,0.99309,"early",0.39
"3",122000001,122500000,0.40358,0.99564,"early",0.4
"3",123500001,1.24e+08,0.420278,0.997189,"early",0.42
"3",124000001,124500000,0.430176,0.997182,"early",0.43
"3",125500001,1.26e+08,0.454996,0.991377,"mid",0.45
"3",132000001,132500000,0.3818,0.987675,"early",0.38
"3",138000001,138500000,0.42535,0.996836,"mid",0.43
"3",138500001,1.39e+08,0.43642,0.994215,"mid",0.44
"3",139500001,1.4e+08,0.41902,0.997068,"mid",0.42
"3",140500001,1.41e+08,0.422812,0.997352,"mid",0.42
"3",143500001,1.44e+08,0.377046,0.998172,"mid",0.38
"3",145500001,1.46e+08,0.358694,0.98964,"mid",0.36
"3",146000001,146500000,0.365346,0.994667,"mid",0.37
"3",148000001,148500000,0.361318,0.98622,"early",0.36
"3",149500001,1.5e+08,0.387546,0.997363,"early",0.39
"3",151000001,151500000,0.374712,0.997297,"early",0.37
"3",151500001,1.52e+08,0.36545,0.997337,"early",0.37
"3",152000001,152500000,0.364796,0.997096,"early",0.36
"3",153000001,153500000,0.368738,0.992775,"early",0.37
"3",154000001,154500000,0.364774,0.994991,"mid",0.36
"3",154500001,1.55e+08,0.37793,0.985329,"mid",0.38
"3",155000001,155500000,0.394384,0.983003,"mid",0.39
"3",156000001,156500000,0.399346,0.997782,"early",0.4
"3",156500001,1.57e+08,0.389634,0.995175,"early",0.39
"3",157000001,157500000,0.386662,0.994321,"early",0.39
"3",157500001,1.58e+08,0.374944,0.986862,"early",0.37
"3",158500001,1.59e+08,0.392588,0.985034,"mid",0.39
"3",159500001,1.6e+08,0.416374,0.998807,"mid",0.42
"3",161500001,1.62e+08,0.356528,0.997912,"mid",0.36
"3",164000001,164500000,0.346216,0.989686,"mid",0.35
"3",166500001,1.67e+08,0.36369,0.993826,"late",0.36
"3",167000001,167500000,0.362258,0.995949,"late",0.36
"3",168000001,168500000,0.360216,0.987749,"mid",0.36
"3",168500001,1.69e+08,0.36011,0.999657,"early",0.36
"3",169500001,1.7e+08,0.402888,0.999291,"mid",0.4
"3",170000001,170500000,0.41739,0.995271,"mid",0.42
"3",172500001,1.73e+08,0.37103,0.999217,"early",0.37
"3",173000001,173500000,0.356472,0.997251,"early",0.36
"3",175000001,175500000,0.350076,0.992061,"mid",0.35
"3",176000001,176500000,0.366876,0.995234,"mid",0.37
"3",177500001,1.78e+08,0.36661,0.998069,"mid",0.37
"3",178000001,178500000,0.37795,0.998074,"mid",0.38
"3",179000001,179500000,0.409868,0.997936,"late",0.41
"3",180000001,180500000,0.371218,0.990676,"mid",0.37
"3",180500001,1.81e+08,0.380094,0.996414,"late",0.38
"3",181000001,181500000,0.375962,0.996915,"mid",0.38
"3",181500001,1.82e+08,0.393614,0.999652,"mid",0.39
"3",182000001,182500000,0.384878,0.994289,"early",0.38
"3",184500001,1.85e+08,0.401006,0.997162,"early",0.4
"3",188000001,188500000,0.384188,0.994122,"early",0.38
"3",188500001,1.89e+08,0.39573,0.991759,"early",0.4
"3",189000001,189500000,0.372198,0.997338,"early",0.37
"3",189500001,1.9e+08,0.381664,0.998101,"early",0.38
"3",190000001,190500000,0.370074,0.997175,"early",0.37
"3",190500001,1.91e+08,0.3667,0.994955,"early",0.37
"3",191500001,1.92e+08,0.36542,0.99162,"mid",0.37
"3",192000001,192500000,0.37749,0.991774,"mid",0.38
"3",193000001,193500000,0.395636,0.99765,"early",0.4
"3",193500001,1.94e+08,0.4596,0.999802,"mid",0.46
"3",196500001,1.97e+08,0.41436,0.996919,"early",0.41
"4",10500001,1.1e+07,0.403498,0.990894,"mid",0.4
"4",12000001,12500000,0.368066,0.99072,"mid",0.37
"4",13000001,13500000,0.39015,0.995924,"late",0.39
"4",14500001,1.5e+07,0.391774,0.984842,"mid",0.39
"4",16000001,16500000,0.409082,0.995901,"mid",0.41
"4",16500001,1.7e+07,0.402726,0.989049,"mid",0.4
"4",17500001,1.8e+07,0.40683,0.995629,"late",0.41
"4",18000001,18500000,0.383166,0.994169,"late",0.38
"4",18500001,1.9e+07,0.370052,0.995842,"late",0.37
"4",19000001,19500000,0.361182,0.983625,"late",0.36
"4",19500001,2e+07,0.366992,0.991996,"late",0.37
"4",20000001,20500000,0.36215,0.999274,"late",0.36
"4",20500001,2.1e+07,0.380636,0.994072,"late",0.38
"4",21000001,21500000,0.377136,0.98456,"late",0.38
"4",21500001,2.2e+07,0.374996,0.997518,"late",0.37
"4",22000001,22500000,0.38209,0.990485,"late",0.38
"4",22500001,2.3e+07,0.38878,0.996679,"late",0.39
"4",23000001,23500000,0.365678,0.998331,"late",0.37
"4",23500001,2.4e+07,0.38113,0.986655,"late",0.38
"4",24000001,24500000,0.411468,0.999216,"late",0.41
"4",24500001,2.5e+07,0.42211,0.997048,"late",0.42
"4",25000001,25500000,0.416972,0.999448,"late",0.42
"4",26000001,26500000,0.423144,0.997364,"late",0.42
"4",26500001,2.7e+07,0.382108,0.988062,"late",0.38
"4",27000001,27500000,0.395502,0.986814,"late",0.4
"4",28000001,28500000,0.356796,0.999382,"late",0.36
"4",30500001,3.1e+07,0.36055,0.99781,"late",0.36
"4",34500001,3.5e+07,0.341622,0.996604,"mid",0.34
"4",35500001,3.6e+07,0.350624,0.995248,"mid",0.35
"4",36000001,36500000,0.36277,0.997888,"mid",0.36
"4",37500001,3.8e+07,0.420322,0.996586,"mid",0.42
"4",38000001,38500000,0.42243,0.997814,"early",0.42
"4",39000001,39500000,0.396654,0.995666,"early",0.4
"4",41500001,4.2e+07,0.403474,0.998352,"mid",0.4
"4",42500001,4.3e+07,0.376872,0.997042,"late",0.38
"4",44000001,44500000,0.358104,0.994923,"late",0.36
"4",44500001,4.5e+07,0.363582,0.995345,"late",0.36
"4",46500001,4.7e+07,0.363708,0.993227,"mid",0.36
"4",47500001,4.8e+07,0.379802,0.998041,"early",0.38
"4",48500001,4.9e+07,0.38648,0.992392,"early",0.39
"4",54000001,54500000,0.394024,0.983683,"mid",0.39
"4",55500001,5.6e+07,0.40222,0.992349,"mid",0.4
"4",56000001,56500000,0.393042,0.990602,"mid",0.39
"4",57000001,57500000,0.405308,0.993512,"mid",0.41
"4",60000001,60500000,0.350636,0.991291,"late",0.35
"4",61500001,6.2e+07,0.353974,0.992994,"late",0.35
"4",63000001,63500000,0.361468,0.994072,"late",0.36
"4",64000001,64500000,0.347684,0.991003,"late",0.35
"4",65500001,6.6e+07,0.35017,0.985484,"late",0.35
"4",66500001,6.7e+07,0.349136,0.993264,"late",0.35
"4",68500001,6.9e+07,0.368058,0.988493,"mid",0.37
"4",69000001,69500000,0.374496,0.983779,"late",0.37
"4",70500001,7.1e+07,0.3537,0.992562,"mid",0.35
"4",71000001,71500000,0.364108,0.987096,"mid",0.36
"4",71500001,7.2e+07,0.403552,0.986326,"late",0.4
"4",72500001,7.3e+07,0.368054,0.995421,"mid",0.37
"4",73000001,73500000,0.3627,0.990967,"early",0.36
"4",73500001,7.4e+07,0.382612,0.99758,"early",0.38
"4",74000001,74500000,0.371502,0.995211,"early",0.37
"4",74500001,7.5e+07,0.376212,0.996004,"early",0.38
"4",77500001,7.8e+07,0.412616,0.995825,"early",0.41
"4",78000001,78500000,0.422742,0.99531,"early",0.42
"4",79500001,8e+07,0.376364,0.996335,"early",0.38
"4",82000001,82500000,0.384728,0.99447,"mid",0.38
"4",86000001,86500000,0.373314,0.997203,"early",0.37
"4",86500001,8.7e+07,0.367568,0.986699,"early",0.37
"4",87000001,87500000,0.373852,0.988092,"early",0.37
"4",87500001,8.8e+07,0.392082,0.991136,"early",0.39
"4",90500001,9.1e+07,0.36055,0.998066,"early",0.36
"4",91000001,91500000,0.356316,0.992207,"mid",0.36
"4",92500001,9.3e+07,0.357018,0.985119,"late",0.36
"4",98000001,98500000,0.359062,0.995009,"mid",0.36
"4",99000001,99500000,0.381878,0.991727,"mid",0.38
"4",100000001,100500000,0.382656,0.991983,"mid",0.38
"4",101500001,1.02e+08,0.366116,0.995963,"early",0.37
"4",102500001,1.03e+08,0.359642,0.994364,"early",0.36
"4",105500001,1.06e+08,0.366166,0.985782,"mid",0.37
"4",106000001,106500000,0.371474,0.992986,"mid",0.37
"4",106500001,1.07e+08,0.370218,0.996988,"mid",0.37
"4",107000001,107500000,0.36418,0.984253,"mid",0.36
"4",107500001,1.08e+08,0.35914,0.989333,"mid",0.36
"4",108000001,108500000,0.366496,0.984615,"mid",0.37
"4",111000001,111500000,0.396932,0.99259,"late",0.4
"4",112500001,1.13e+08,0.360106,0.988889,"early",0.36
"4",113500001,1.14e+08,0.39178,0.997588,"mid",0.39
"4",118500001,1.19e+08,0.36094,0.992115,"mid",0.36
"4",119000001,119500000,0.37625,0.987184,"mid",0.38
"4",121000001,121500000,0.360738,0.992916,"mid",0.36
"4",122000001,122500000,0.377932,0.997283,"mid",0.38
"4",123500001,1.24e+08,0.389226,0.985659,"mid",0.39
"4",125500001,1.26e+08,0.358206,0.997217,"mid",0.36
"4",126500001,1.27e+08,0.35352,0.995629,"mid",0.35
"4",129500001,1.3e+08,0.396596,0.99458,"mid",0.4
"4",130500001,1.31e+08,0.357172,0.985384,"mid",0.36
"4",133500001,1.34e+08,0.345342,0.988016,"late",0.35
"4",134500001,1.35e+08,0.349076,0.995037,"late",0.35
"4",138500001,1.39e+08,0.355902,0.994951,"early",0.36
"4",139000001,139500000,0.37181,0.990789,"early",0.37
"4",140500001,1.41e+08,0.419486,0.997108,"mid",0.42
"4",141500001,1.42e+08,0.397802,0.991722,"mid",0.4
"4",143000001,143500000,0.364118,0.993971,"early",0.36
"4",144000001,144500000,0.38423,0.988196,"mid",0.38
"4",145000001,145500000,0.370656,0.989944,"mid",0.37
"4",145500001,1.46e+08,0.374594,0.991956,"mid",0.37
"4",146500001,1.47e+08,0.404096,0.996268,"late",0.4
"4",147500001,1.48e+08,0.37608,0.989316,"mid",0.38
"4",148000001,148500000,0.382566,0.991633,"mid",0.38
"4",148500001,1.49e+08,0.408372,0.99782,"mid",0.41
"4",149000001,149500000,0.382438,0.9955,"mid",0.38
"4",149500001,1.5e+08,0.376598,0.995034,"mid",0.38
"4",150500001,1.51e+08,0.367452,0.984936,"early",0.37
"4",151000001,151500000,0.375034,0.996047,"early",0.38
"4",151500001,1.52e+08,0.375842,0.995247,"early",0.38
"4",153000001,153500000,0.393218,0.998965,"early",0.39
"4",155500001,1.56e+08,0.38193,0.997977,"mid",0.38
"4",156000001,156500000,0.369846,0.994255,"mid",0.37
"4",157000001,157500000,0.357036,0.990472,"early",0.36
"4",158500001,1.59e+08,0.356452,0.994983,"early",0.36
"4",159000001,159500000,0.376408,0.98409,"mid",0.38
"4",159500001,1.6e+08,0.399844,0.996609,"mid",0.4
"4",160000001,160500000,0.389116,0.998284,"mid",0.39
"4",160500001,1.61e+08,0.371046,0.991396,"mid",0.37
"4",161000001,161500000,0.35633,0.989254,"mid",0.36
"4",163500001,1.64e+08,0.364112,0.997084,"late",0.36
"4",164000001,164500000,0.376964,0.993079,"late",0.38
"4",164500001,1.65e+08,0.357212,0.991339,"mid",0.36
"4",166000001,166500000,0.393706,0.993006,"mid",0.39
"4",167500001,1.68e+08,0.348256,0.983948,"early",0.35
"4",168000001,168500000,0.353342,0.991093,"early",0.35
"4",168500001,1.69e+08,0.359816,0.995865,"early",0.36
"4",169000001,169500000,0.373058,0.994267,"early",0.37
"4",169500001,1.7e+08,0.405576,0.998222,"early",0.41
"4",170000001,170500000,0.390354,0.989185,"early",0.39
"4",174000001,174500000,0.39903,0.999166,"late",0.4
"4",175000001,175500000,0.367004,0.998188,"mid",0.37
"4",176000001,176500000,0.361288,0.99324,"mid",0.36
"4",176500001,1.77e+08,0.358862,0.998359,"mid",0.36
"4",177000001,177500000,0.368408,0.997948,"mid",0.37
"4",178500001,1.79e+08,0.357814,0.990037,"mid",0.36
"4",179000001,179500000,0.351362,0.998928,"mid",0.35
"4",179500001,1.8e+08,0.35116,0.995578,"mid",0.35
"4",180000001,180500000,0.356162,0.997843,"late",0.36
"4",180500001,1.81e+08,0.357502,0.995705,"late",0.36
"4",181500001,1.82e+08,0.367968,0.994325,"late",0.37
"4",182000001,182500000,0.378092,0.989499,"late",0.38
"4",182500001,1.83e+08,0.387886,0.995358,"late",0.39
"4",183500001,1.84e+08,0.420416,0.992746,"late",0.42
"4",187000001,187500000,0.423354,0.990812,"late",0.42
"4",187500001,1.88e+08,0.408872,0.986935,"late",0.41
"4",188500001,1.89e+08,0.395414,0.994444,"late",0.4
"4",189000001,189500000,0.41597,0.98673,"late",0.42
"4",189500001,1.9e+08,0.38073,0.999026,"late",0.38
"4",190000001,190500000,0.397112,0.982599,"late",0.4
"5",2000001,2500000,0.458142,0.999115,"late",0.46
"5",2500001,3e+06,0.44485,0.999485,"late",0.44
"5",3500001,4e+06,0.43404,0.997152,"late",0.43
"5",4000001,4500000,0.403354,0.995307,"late",0.4
"5",4500001,5e+06,0.396428,0.991113,"late",0.4
"5",5000001,5500000,0.420158,0.99817,"late",0.42
"5",5500001,6e+06,0.418834,0.999384,"late",0.42
"5",7000001,7500000,0.40294,0.982365,"late",0.4
"5",7500001,8e+06,0.408548,0.994672,"late",0.41
"5",8000001,8500000,0.390128,0.990553,"late",0.39
"5",8500001,9e+06,0.380196,0.995646,"mid",0.38
"5",9000001,9500000,0.400364,0.992799,"mid",0.4
"5",9500001,1e+07,0.408366,0.995259,"mid",0.41
"5",12000001,12500000,0.358774,0.991986,"mid",0.36
"5",13000001,13500000,0.36775,0.989412,"mid",0.37
"5",13500001,1.4e+07,0.394182,0.998845,"mid",0.39
"5",15000001,15500000,0.388422,0.990676,"mid",0.39
"5",18000001,18500000,0.360558,0.994689,"mid",0.36
"5",20500001,2.1e+07,0.35307,0.995669,"late",0.35
"5",21500001,2.2e+07,0.35044,0.981291,"mid",0.35
"5",22000001,22500000,0.355796,0.980979,"late",0.36
"5",22500001,2.3e+07,0.352256,0.997771,"late",0.35
"5",23500001,2.4e+07,0.353228,0.99821,"late",0.35
"5",24000001,24500000,0.353698,0.993282,"late",0.35
"5",24500001,2.5e+07,0.34824,0.999651,"mid",0.35
"5",26000001,26500000,0.356392,0.993242,"late",0.36
"5",30500001,3.1e+07,0.359354,0.992866,"mid",0.36
"5",33500001,3.4e+07,0.408592,0.995377,"mid",0.41
"5",34500001,3.5e+07,0.416364,0.998426,"mid",0.42
"5",35000001,35500000,0.397608,0.992422,"mid",0.4
"5",35500001,3.6e+07,0.38727,0.993803,"mid",0.39
"5",39000001,39500000,0.379038,0.99645,"early",0.38
"5",39500001,4e+07,0.370388,0.988656,"early",0.37
"5",40000001,40500000,0.372772,0.998798,"early",0.37
"5",40500001,4.1e+07,0.394158,0.989885,"mid",0.39
"5",41000001,41500000,0.37497,0.990295,"mid",0.37
"5",43000001,43500000,0.421846,0.994673,"mid",0.42
"5",45500001,4.6e+07,0.359338,0.9824,"late",0.36
"5",49500001,5e+07,0.373856,0.991183,"late",0.37
"5",51000001,51500000,0.34786,0.992297,"early",0.35
"5",51500001,5.2e+07,0.356872,0.993478,"early",0.36
"5",52500001,5.3e+07,0.38001,0.993661,"early",0.38
"5",55000001,55500000,0.411254,0.99327,"mid",0.41
"5",55500001,5.6e+07,0.41846,0.998021,"mid",0.42
"5",56000001,56500000,0.40594,0.997941,"mid",0.41
"5",56500001,5.7e+07,0.39824,0.987801,"mid",0.4
"5",58500001,5.9e+07,0.369476,0.993157,"early",0.37
"5",59000001,59500000,0.371018,0.993223,"early",0.37
"5",59500001,6e+07,0.384332,0.993671,"early",0.38
"5",61500001,6.2e+07,0.396184,0.995141,"mid",0.4
"5",64000001,64500000,0.37473,0.986645,"early",0.37
"5",64500001,6.5e+07,0.364446,0.995253,"early",0.36
"5",65000001,65500000,0.387562,0.996618,"early",0.39
"5",66000001,66500000,0.392352,0.997028,"early",0.39
"5",66500001,6.7e+07,0.383932,0.994441,"early",0.38
"5",67000001,67500000,0.392748,0.980958,"early",0.39
"5",67500001,6.8e+07,0.399764,0.99652,"early",0.4
"5",68000001,68500000,0.41162,0.998449,"early",0.41
"5",71500001,7.2e+07,0.408216,0.996855,"early",0.41
"5",73000001,73500000,0.40086,0.996634,"early",0.4
"5",73500001,7.4e+07,0.416638,0.999022,"early",0.42
"5",74500001,7.5e+07,0.385876,0.985538,"early",0.39
"5",75500001,7.6e+07,0.413652,0.995876,"mid",0.41
"5",76500001,7.7e+07,0.399226,0.993268,"mid",0.4
"5",77000001,77500000,0.39017,0.996746,"early",0.39
"5",78500001,7.9e+07,0.39448,0.99885,"mid",0.39
"5",79000001,79500000,0.423196,0.98747,"mid",0.42
"5",79500001,8e+07,0.40923,0.994661,"mid",0.41
"5",80000001,80500000,0.399324,0.996614,"mid",0.4
"5",81000001,81500000,0.390088,0.993241,"mid",0.39
"5",81500001,8.2e+07,0.391374,0.986638,"mid",0.39
"5",82000001,82500000,0.375044,0.992273,"mid",0.38
"5",85500001,8.6e+07,0.356382,0.984894,"mid",0.36
"5",86500001,8.7e+07,0.362108,0.998848,"early",0.36
"5",90000001,90500000,0.372912,0.992165,"mid",0.37
"5",90500001,9.1e+07,0.38148,0.997672,"mid",0.38
"5",94000001,94500000,0.368564,0.99823,"early",0.37
"5",94500001,9.5e+07,0.377772,0.995616,"early",0.38
"5",95000001,95500000,0.393568,0.995555,"early",0.39
"5",95500001,9.6e+07,0.389262,0.994712,"early",0.39
"5",96000001,96500000,0.389332,0.998264,"early",0.39
"5",96500001,9.7e+07,0.373664,0.985948,"early",0.37
"5",97000001,97500000,0.365312,0.987531,"early",0.37
"5",97500001,9.8e+07,0.367642,0.992448,"mid",0.37
"5",98500001,9.9e+07,0.364616,0.9904,"late",0.36
"5",102500001,1.03e+08,0.367276,0.99958,"late",0.37
"5",103000001,103500000,0.366354,0.992737,"late",0.37
"5",106500001,1.07e+08,0.37938,0.999599,"mid",0.38
"5",108000001,108500000,0.36172,0.995343,"mid",0.36
"5",109500001,1.1e+08,0.363046,0.994742,"mid",0.36
"5",110000001,110500000,0.373014,0.990002,"mid",0.37
"5",111000001,111500000,0.381722,0.992391,"early",0.38
"5",112500001,1.13e+08,0.396034,0.996326,"early",0.4
"5",113000001,113500000,0.385608,0.995939,"early",0.39
"5",113500001,1.14e+08,0.372474,0.994866,"early",0.37
"5",114000001,114500000,0.389978,0.993049,"mid",0.39
"5",114500001,1.15e+08,0.388316,0.994813,"mid",0.39
"5",115000001,115500000,0.381742,0.996194,"mid",0.38
"5",115500001,1.16e+08,0.394986,0.995019,"late",0.39
"5",116000001,116500000,0.385248,0.998192,"late",0.39
"5",117000001,117500000,0.355162,0.994923,"mid",0.36
"5",117500001,1.18e+08,0.371122,0.992899,"mid",0.37
"5",118500001,1.19e+08,0.387126,0.995515,"mid",0.39
"5",119000001,119500000,0.364212,0.985456,"mid",0.36
"5",119500001,1.2e+08,0.358942,0.989797,"mid",0.36
"5",121000001,121500000,0.364948,0.991886,"mid",0.36
"5",121500001,1.22e+08,0.388044,0.983717,"late",0.39
"5",122000001,122500000,0.396872,0.996188,"late",0.4
"5",122500001,1.23e+08,0.374402,0.993251,"mid",0.37
"5",123500001,1.24e+08,0.395702,0.997638,"late",0.4
"5",124500001,1.25e+08,0.368218,0.991313,"early",0.37
"5",125000001,125500000,0.367204,0.993839,"early",0.37
"5",126000001,126500000,0.41939,0.986661,"mid",0.42
"5",128000001,128500000,0.371152,0.996895,"mid",0.37
"5",128500001,1.29e+08,0.355726,0.99335,"mid",0.36
"5",129500001,1.3e+08,0.362788,0.99406,"early",0.36
"5",130500001,1.31e+08,0.389368,0.996628,"early",0.39
"5",131000001,131500000,0.415696,0.992244,"early",0.42
"5",135000001,135500000,0.432784,0.99836,"mid",0.43
"5",136000001,136500000,0.406544,0.9837,"early",0.41
"5",141500001,1.42e+08,0.447606,0.999903,"early",0.45
"5",142000001,142500000,0.427594,0.999113,"early",0.43
"5",142500001,1.43e+08,0.397374,0.999247,"early",0.4
"5",143000001,143500000,0.389622,0.993874,"early",0.39
"5",143500001,1.44e+08,0.377552,0.992681,"early",0.38
"5",147500001,1.48e+08,0.373328,0.984014,"early",0.37
"5",150000001,150500000,0.431016,0.993348,"early",0.43
"5",151000001,151500000,0.419888,0.988015,"early",0.42
"5",151500001,1.52e+08,0.390814,0.981494,"early",0.39
"5",157500001,1.58e+08,0.405258,0.995715,"mid",0.41
"5",158000001,158500000,0.398874,0.996988,"mid",0.4
"5",159500001,1.6e+08,0.444788,0.999157,"mid",0.44
"5",160000001,160500000,0.399616,0.982292,"mid",0.4
"5",160500001,1.61e+08,0.36854,0.996263,"mid",0.37
"5",161500001,1.62e+08,0.365118,0.994156,"late",0.37
"5",162000001,162500000,0.363312,0.98952,"late",0.36
"5",162500001,1.63e+08,0.383118,0.997076,"late",0.38
"5",163000001,163500000,0.372856,0.996919,"late",0.37
"5",164000001,164500000,0.354462,0.998005,"late",0.35
"5",164500001,1.65e+08,0.360676,0.998255,"late",0.36
"5",165000001,165500000,0.36287,0.997797,"late",0.36
"5",165500001,1.66e+08,0.372364,0.990762,"late",0.37
"5",166000001,166500000,0.384294,0.988899,"late",0.38
"5",168500001,1.69e+08,0.418064,0.998088,"mid",0.42
"5",169000001,169500000,0.426016,0.996553,"mid",0.43
"5",170000001,170500000,0.41425,0.993664,"mid",0.41
"5",173000001,173500000,0.442138,0.995141,"mid",0.44
"5",180000001,180500000,0.450886,0.990788,"late",0.45
"6",4500001,5e+06,0.425514,0.995484,"mid",0.43
"6",5000001,5500000,0.421484,0.997963,"mid",0.42
"6",7500001,8e+06,0.429926,0.997439,"mid",0.43
"6",8000001,8500000,0.397254,0.997059,"mid",0.4
"6",8500001,9e+06,0.372242,0.989006,"mid",0.37
"6",9000001,9500000,0.370376,0.997901,"mid",0.37
"6",9500001,1e+07,0.376848,0.986765,"mid",0.38
"6",10500001,1.1e+07,0.423976,0.998591,"late",0.42
"6",11500001,1.2e+07,0.40405,0.997613,"mid",0.4
"6",12000001,12500000,0.397254,0.999679,"mid",0.4
"6",12500001,1.3e+07,0.39771,0.996087,"mid",0.4
"6",14000001,14500000,0.432754,0.996345,"mid",0.43
"6",16000001,16500000,0.43284,0.995226,"mid",0.43
"6",16500001,1.7e+07,0.406482,0.995696,"mid",0.41
"6",17000001,17500000,0.416776,0.998022,"mid",0.42
"6",19500001,2e+07,0.391766,0.986659,"mid",0.39
"6",20500001,2.1e+07,0.380018,0.995827,"mid",0.38
"6",21500001,2.2e+07,0.424078,0.998755,"late",0.42
"6",23500001,2.4e+07,0.371528,0.990587,"late",0.37
"6",24000001,24500000,0.39965,0.99487,"late",0.4
"6",27000001,27500000,0.408904,0.99784,"late",0.41
"6",27500001,2.8e+07,0.413616,0.994499,"late",0.41
"6",28000001,28500000,0.403148,0.997851,"late",0.4
"6",28500001,2.9e+07,0.420146,0.995494,"late",0.42
"6",29500001,3e+07,0.453448,0.99431,"mid",0.45
"6",32000001,32500000,0.452666,0.986318,"mid",0.45
"6",35500001,3.6e+07,0.434934,0.997234,"early",0.43
"6",37000001,37500000,0.456038,0.999411,"mid",0.46
"6",38500001,3.9e+07,0.393688,0.996841,"early",0.39
"6",45000001,45500000,0.370264,0.991397,"early",0.37
"6",46500001,4.7e+07,0.391564,0.998535,"early",0.39
"6",47500001,4.8e+07,0.37441,0.997887,"early",0.37
"6",48000001,48500000,0.358328,0.990429,"early",0.36
"6",48500001,4.9e+07,0.35384,0.992688,"early",0.35
"6",49000001,49500000,0.361294,0.993871,"mid",0.36
"6",50500001,5.1e+07,0.375228,0.994811,"late",0.38
"6",52000001,52500000,0.421786,0.997474,"mid",0.42
"6",52500001,5.3e+07,0.418588,0.992071,"mid",0.42
"6",53000001,53500000,0.412658,0.996652,"mid",0.41
"6",54000001,54500000,0.3574,0.995545,"early",0.36
"6",55500001,5.6e+07,0.35222,0.99405,"early",0.35
"6",56000001,56500000,0.37289,0.995775,"early",0.37
"6",57000001,57500000,0.379814,0.989624,"early",0.38
"6",63500001,6.4e+07,0.371456,0.996847,"late",0.37
"6",64000001,64500000,0.386356,0.994919,"late",0.39
"6",64500001,6.5e+07,0.365292,0.996151,"mid",0.37
"6",67000001,67500000,0.344782,0.995057,"late",0.34
"6",68500001,6.9e+07,0.354608,0.995098,"late",0.35
"6",70000001,70500000,0.364852,0.987789,"mid",0.36
"6",71000001,71500000,0.384154,0.994328,"mid",0.38
"6",72000001,72500000,0.370702,0.998118,"early",0.37
"6",72500001,7.3e+07,0.359026,0.994021,"early",0.36
"6",73000001,73500000,0.365982,0.989022,"early",0.37
"6",75000001,75500000,0.35981,0.991466,"early",0.36
"6",75500001,7.6e+07,0.372158,0.994841,"early",0.37
"6",76500001,7.7e+07,0.377224,0.991563,"mid",0.38
"6",77000001,77500000,0.36669,0.996075,"mid",0.37
"6",77500001,7.8e+07,0.357238,0.984419,"mid",0.36
"6",79000001,79500000,0.368346,0.993935,"late",0.37
"6",79500001,8e+07,0.366934,0.993446,"mid",0.37
"6",80500001,8.1e+07,0.374084,0.995965,"mid",0.37
"6",81000001,81500000,0.369174,0.991651,"mid",0.37
"6",82500001,8.3e+07,0.37762,0.995069,"mid",0.38
"6",83000001,83500000,0.38121,0.986967,"mid",0.38
"6",85500001,8.6e+07,0.384836,0.996111,"early",0.38
"6",86000001,86500000,0.39902,0.992605,"mid",0.4
"6",88000001,88500000,0.399558,0.993755,"mid",0.4
"6",88500001,8.9e+07,0.392894,0.999302,"mid",0.39
"6",89500001,9e+07,0.407142,0.990537,"mid",0.41
"6",90500001,9.1e+07,0.413002,0.997273,"mid",0.41
"6",91500001,9.2e+07,0.377174,0.994716,"mid",0.38
"6",93000001,93500000,0.347768,0.99844,"mid",0.35
"6",94000001,94500000,0.345226,0.994233,"late",0.35
"6",94500001,9.5e+07,0.344082,0.981254,"late",0.34
"6",96000001,96500000,0.35308,0.983242,"late",0.35
"6",96500001,9.7e+07,0.361166,0.998089,"late",0.36
"6",97000001,97500000,0.380212,0.99792,"late",0.38
"6",97500001,9.8e+07,0.364346,0.997048,"late",0.36
"6",99000001,99500000,0.381284,0.992429,"late",0.38
"6",100000001,100500000,0.385478,0.988383,"late",0.39
"6",101500001,1.02e+08,0.361016,0.993399,"mid",0.36
"6",102500001,1.03e+08,0.34298,0.989702,"mid",0.34
"6",105500001,1.06e+08,0.402338,0.996422,"early",0.4
"6",106000001,106500000,0.401472,0.993527,"early",0.4
"6",106500001,1.07e+08,0.398128,0.99675,"early",0.4
"6",107500001,1.08e+08,0.405836,0.997724,"early",0.41
"6",108000001,108500000,0.429856,0.992124,"mid",0.43
"6",111000001,111500000,0.417864,0.998734,"mid",0.42
"6",113500001,1.14e+08,0.378316,0.985974,"mid",0.38
"6",117000001,117500000,0.369076,0.983375,"early",0.37
"6",117500001,1.18e+08,0.386806,0.992064,"mid",0.39
"6",118000001,118500000,0.38234,0.990202,"mid",0.38
"6",118500001,1.19e+08,0.385744,0.998809,"mid",0.39
"6",120500001,1.21e+08,0.348494,0.992759,"mid",0.35
"6",121000001,121500000,0.35782,0.980303,"late",0.36
"6",121500001,1.22e+08,0.377186,0.995134,"late",0.38
"6",124000001,124500000,0.361004,0.99632,"early",0.36
"6",124500001,1.25e+08,0.359256,0.995287,"early",0.36
"6",125000001,125500000,0.377274,0.984381,"early",0.38
"6",125500001,1.26e+08,0.393622,0.989011,"early",0.39
"6",126500001,1.27e+08,0.359256,0.993278,"early",0.36
"6",127000001,127500000,0.364968,0.997586,"early",0.36
"6",128000001,128500000,0.353178,0.997825,"early",0.35
"6",128500001,1.29e+08,0.361206,0.997781,"early",0.36
"6",130500001,1.31e+08,0.3853,0.996347,"mid",0.39
"6",132000001,132500000,0.380166,0.987481,"late",0.38
"6",133500001,1.34e+08,0.375536,0.985186,"mid",0.38
"6",134500001,1.35e+08,0.40556,0.99773,"mid",0.41
"6",135000001,135500000,0.398708,0.998666,"mid",0.4
"6",135500001,1.36e+08,0.379216,0.997113,"mid",0.38
"6",138000001,138500000,0.406918,0.998681,"early",0.41
"6",141500001,1.42e+08,0.347786,0.989589,"early",0.35
"6",142000001,142500000,0.361262,0.981002,"early",0.36
"6",144500001,1.45e+08,0.390378,0.999242,"early",0.39
"6",145000001,145500000,0.381522,0.997757,"early",0.38
"6",146000001,146500000,0.367722,0.990717,"mid",0.37
"6",146500001,1.47e+08,0.371744,0.995837,"mid",0.37
"6",149000001,149500000,0.411844,0.998127,"mid",0.41
"6",151500001,1.52e+08,0.421482,0.999458,"mid",0.42
"6",152000001,152500000,0.395958,0.993598,"mid",0.4
"6",153500001,1.54e+08,0.357738,0.99641,"mid",0.36
"6",154000001,154500000,0.377268,0.997703,"late",0.38
"6",154500001,1.55e+08,0.413042,0.999228,"late",0.41
"6",155000001,155500000,0.421588,0.998208,"late",0.42
"6",157000001,157500000,0.408698,0.999784,"mid",0.41
"6",160500001,1.61e+08,0.42584,0.995197,"mid",0.43
"6",161500001,1.62e+08,0.432628,0.997725,"late",0.43
"6",162000001,162500000,0.407628,0.997009,"late",0.41
"6",162500001,1.63e+08,0.395616,0.997674,"late",0.4
"6",163000001,163500000,0.378966,0.985877,"late",0.38
"6",163500001,1.64e+08,0.41031,0.999514,"late",0.41
"6",164000001,164500000,0.426694,0.997921,"late",0.43
"6",164500001,1.65e+08,0.392046,0.996418,"late",0.39
"6",165000001,165500000,0.374968,0.988771,"late",0.37
"6",165500001,1.66e+08,0.386706,0.991382,"late",0.39
"6",166000001,166500000,0.429064,0.998818,"late",0.43
"6",166500001,1.67e+08,0.452262,0.995254,"late",0.45
"6",169500001,1.7e+08,0.434138,0.995211,"late",0.43
"7",3500001,4e+06,0.408552,0.995013,"mid",0.41
"7",7500001,8e+06,0.376054,0.986972,"early",0.38
"7",10500001,1.1e+07,0.374968,0.995225,"late",0.37
"7",15000001,15500000,0.354654,0.99902,"mid",0.35
"7",15500001,1.6e+07,0.356158,0.989763,"early",0.36
"7",16000001,16500000,0.364462,0.991968,"early",0.36
"7",16500001,1.7e+07,0.386542,0.998689,"early",0.39
"7",17000001,17500000,0.36822,0.994927,"early",0.37
"7",17500001,1.8e+07,0.371986,0.999235,"early",0.37
"7",18000001,18500000,0.369426,0.996319,"early",0.37
"7",18500001,1.9e+07,0.358018,0.999396,"early",0.36
"7",19000001,19500000,0.365558,0.987097,"early",0.37
"7",19500001,2e+07,0.360672,0.990769,"early",0.36
"7",20000001,20500000,0.36856,0.998759,"early",0.37
"7",22000001,22500000,0.408406,0.999628,"mid",0.41
"7",23000001,23500000,0.407832,0.988828,"mid",0.41
"7",24000001,24500000,0.401906,0.992681,"mid",0.4
"7",24500001,2.5e+07,0.397932,0.996267,"mid",0.4
"7",26500001,2.7e+07,0.39332,0.997579,"early",0.39
"7",31000001,31500000,0.430406,0.998493,"mid",0.43
"7",32000001,32500000,0.412276,0.987425,"mid",0.41
"7",33000001,33500000,0.385748,0.995149,"mid",0.39
"7",33500001,3.4e+07,0.405862,0.99355,"mid",0.41
"7",34500001,3.5e+07,0.391304,0.98215,"late",0.39
"7",37000001,37500000,0.414294,0.993885,"late",0.41
"7",38500001,3.9e+07,0.39169,0.997728,"mid",0.39
"7",39500001,4e+07,0.41678,0.994755,"mid",0.42
"7",40500001,4.1e+07,0.385708,0.997924,"early",0.39
"7",42000001,42500000,0.405638,0.999513,"mid",0.41
"7",48500001,4.9e+07,0.379948,0.995678,"early",0.38
"7",51000001,51500000,0.43747,0.996649,"late",0.44
"7",51500001,5.2e+07,0.403964,0.989043,"late",0.4
"7",52000001,52500000,0.380982,0.997646,"late",0.38
"7",53000001,53500000,0.367448,0.993909,"mid",0.37
"7",54000001,54500000,0.366378,0.993531,"early",0.37
"7",57000001,57500000,0.461262,0.985524,"late",0.46
"7",57500001,5.8e+07,0.394872,0.992826,"late",0.39
"7",62000001,62500000,0.376942,0.99219,"late",0.38
"7",63500001,6.4e+07,0.401286,0.99576,"late",0.4
"7",64000001,64500000,0.423908,0.990033,"late",0.42
"7",65500001,6.6e+07,0.447628,0.987554,"mid",0.45
"7",66500001,6.7e+07,0.43715,0.99087,"mid",0.44
"7",68500001,6.9e+07,0.440332,0.998347,"late",0.44
"7",69000001,69500000,0.404962,0.999303,"late",0.4
"7",69500001,7e+07,0.401394,0.989501,"late",0.4
"7",70000001,70500000,0.443712,0.999555,"late",0.44
"7",70500001,7.1e+07,0.44108,0.999416,"late",0.44
"7",71500001,7.2e+07,0.433514,0.993128,"mid",0.43
"7",78000001,78500000,0.364038,0.997495,"early",0.36
"7",78500001,7.9e+07,0.357988,0.992995,"early",0.36
"7",79000001,79500000,0.349724,0.997582,"early",0.35
"7",81000001,81500000,0.35191,0.996294,"early",0.35
"7",84500001,8.5e+07,0.347006,0.992016,"early",0.35
"7",87000001,87500000,0.366862,0.994552,"mid",0.37
"7",87500001,8.8e+07,0.376762,0.991604,"mid",0.38
"7",88000001,88500000,0.363172,0.993701,"mid",0.36
"7",89500001,9e+07,0.373238,0.992846,"mid",0.37
"7",90500001,9.1e+07,0.383924,0.991242,"mid",0.38
"7",91000001,91500000,0.387816,0.984676,"mid",0.39
"7",92500001,9.3e+07,0.374422,0.992494,"early",0.37
"7",93000001,93500000,0.360326,0.9866,"early",0.36
"7",93500001,9.4e+07,0.370796,0.996204,"mid",0.37
"7",94000001,94500000,0.369426,0.999367,"mid",0.37
"7",94500001,9.5e+07,0.371632,0.996407,"late",0.37
"7",95000001,95500000,0.381174,0.993764,"late",0.38
"7",95500001,9.6e+07,0.391494,0.996805,"late",0.39
"7",96500001,9.7e+07,0.399176,0.9961,"mid",0.4
"7",106000001,106500000,0.40185,0.998395,"early",0.4
"7",106500001,1.07e+08,0.391346,0.997706,"early",0.39
"7",108500001,1.09e+08,0.358456,0.991141,"early",0.36
"7",109000001,109500000,0.35073,0.994837,"early",0.35
"7",110500001,1.11e+08,0.35533,0.988872,"early",0.36
"7",112500001,1.13e+08,0.367124,0.988716,"early",0.37
"7",114000001,114500000,0.354436,0.997072,"early",0.35
"7",114500001,1.15e+08,0.360294,0.990479,"early",0.36
"7",115000001,115500000,0.350648,0.997787,"early",0.35
"7",115500001,1.16e+08,0.360612,0.99688,"early",0.36
"7",116000001,116500000,0.390814,0.988991,"early",0.39
"7",116500001,1.17e+08,0.395632,0.999426,"early",0.4
"7",117000001,117500000,0.369476,0.992262,"early",0.37
"7",117500001,1.18e+08,0.37434,0.995689,"early",0.37
"7",118000001,118500000,0.347278,0.997557,"early",0.35
"7",120000001,120500000,0.359164,0.999826,"mid",0.36
"7",120500001,1.21e+08,0.368342,0.995841,"mid",0.37
"7",121000001,121500000,0.370592,0.997363,"mid",0.37
"7",121500001,1.22e+08,0.37141,0.990008,"mid",0.37
"7",122000001,122500000,0.365482,0.995161,"mid",0.37
"7",124000001,124500000,0.362002,0.996619,"early",0.36
"7",126000001,126500000,0.363392,0.993526,"mid",0.36
"7",129000001,129500000,0.443988,0.998913,"early",0.44
"7",129500001,1.3e+08,0.436148,0.998617,"early",0.44
"7",135500001,1.36e+08,0.394414,0.994362,"mid",0.39
"7",136000001,136500000,0.36686,0.984949,"mid",0.37
"7",138500001,1.39e+08,0.422066,0.99618,"mid",0.42
"7",142500001,1.43e+08,0.420936,0.997892,"mid",0.42
"7",144000001,144500000,0.391856,0.99543,"late",0.39
"7",147000001,147500000,0.372676,0.995724,"mid",0.37
"7",147500001,1.48e+08,0.401446,0.989427,"mid",0.4
"7",151000001,151500000,0.476534,0.999408,"mid",0.48
"7",152000001,152500000,0.439922,0.996279,"mid",0.44
"7",152500001,1.53e+08,0.434734,0.997267,"late",0.43
"7",153000001,153500000,0.408888,0.9971,"late",0.41
"7",153500001,1.54e+08,0.432798,0.99489,"late",0.43
"7",154500001,1.55e+08,0.45655,0.99848,"late",0.46
"7",158500001,1.59e+08,0.467496,0.993813,"late",0.47
"8",1500001,2e+06,0.481876,0.988427,"late",0.48
"8",2000001,2500000,0.434762,0.992477,"late",0.43
"8",2500001,3e+06,0.392806,0.997661,"late",0.39
"8",3000001,3500000,0.391906,0.997302,"late",0.39
"8",3500001,4e+06,0.385054,0.998495,"late",0.39
"8",4000001,4500000,0.379416,0.999101,"late",0.38
"8",4500001,5e+06,0.377314,0.996171,"late",0.38
"8",5000001,5500000,0.378724,0.997056,"late",0.38
"8",5500001,6e+06,0.385728,0.997916,"late",0.39
"8",9000001,9500000,0.420634,0.997748,"mid",0.42
"8",9500001,1e+07,0.414686,0.991705,"mid",0.41
"8",10000001,10500000,0.452454,0.99888,"mid",0.45
"8",12500001,1.3e+07,0.42219,0.996284,"late",0.42
"8",13000001,13500000,0.378672,0.997584,"mid",0.38
"8",15000001,15500000,0.37541,0.98706,"late",0.38
"8",15500001,1.6e+07,0.36951,0.997927,"late",0.37
"8",16500001,1.7e+07,0.373734,0.989597,"mid",0.37
"8",17000001,17500000,0.400856,0.999579,"mid",0.4
"8",17500001,1.8e+07,0.393144,0.998695,"early",0.39
"8",19500001,2e+07,0.410846,0.997722,"mid",0.41
"8",20500001,2.1e+07,0.43033,0.996416,"mid",0.43
"8",24000001,24500000,0.369906,0.992013,"early",0.37
"8",29000001,29500000,0.429676,0.996286,"early",0.43
"8",29500001,3e+07,0.42164,0.998355,"early",0.42
"8",30000001,30500000,0.425346,0.997678,"early",0.43
"8",31500001,3.2e+07,0.37389,0.993345,"early",0.37
"8",32500001,3.3e+07,0.379204,0.993245,"mid",0.38
"8",33000001,33500000,0.4202,0.99714,"late",0.42
"8",33500001,3.4e+07,0.402308,0.993339,"late",0.4
"8",34000001,34500000,0.373022,0.995699,"late",0.37
"8",35000001,35500000,0.380838,0.98396,"late",0.38
"8",35500001,3.6e+07,0.388534,0.999109,"late",0.39
"8",36500001,3.7e+07,0.387522,0.998433,"mid",0.39
"8",37000001,37500000,0.442876,0.995473,"mid",0.44
"8",40500001,4.1e+07,0.4224,0.994267,"mid",0.42
"8",43000001,43500000,0.405188,0.984543,"late",0.41
"8",47500001,4.8e+07,0.408816,0.988862,"late",0.41
"8",50000001,50500000,0.368052,0.998402,"mid",0.37
"8",50500001,5.1e+07,0.365406,0.997839,"mid",0.37
"8",51500001,5.2e+07,0.351556,0.996369,"mid",0.35
"8",52000001,52500000,0.379068,0.996063,"late",0.38
"8",53500001,5.4e+07,0.395728,0.998388,"mid",0.4
"8",54000001,54500000,0.397654,0.997117,"mid",0.4
"8",54500001,5.5e+07,0.40929,0.989205,"mid",0.41
"8",55500001,5.6e+07,0.38258,0.995876,"mid",0.38
"8",57000001,57500000,0.401712,0.992827,"late",0.4
"8",58000001,58500000,0.402156,0.990072,"late",0.4
"8",58500001,5.9e+07,0.384252,0.998444,"late",0.38
"8",59000001,59500000,0.388792,0.994623,"late",0.39
"8",59500001,6e+07,0.38244,0.989,"late",0.38
"8",60000001,60500000,0.368192,0.992264,"late",0.37
"8",61000001,61500000,0.40067,0.995777,"late",0.4
"8",62500001,6.3e+07,0.376094,0.992431,"mid",0.38
"8",63000001,63500000,0.37155,0.997379,"mid",0.37
"8",63500001,6.4e+07,0.380078,0.997386,"late",0.38
"8",64000001,64500000,0.392428,0.99428,"late",0.39
"8",65000001,65500000,0.37412,0.99409,"late",0.37
"8",69000001,69500000,0.370158,0.986614,"mid",0.37
"8",69500001,7e+07,0.36781,0.990241,"mid",0.37
"8",70000001,70500000,0.386966,0.991283,"late",0.39
"8",70500001,7.1e+07,0.421416,0.99496,"late",0.42
"8",73000001,73500000,0.382844,0.988986,"late",0.38
"8",73500001,7.4e+07,0.393558,0.986388,"late",0.39
"8",76000001,76500000,0.359904,0.982716,"late",0.36
"8",77500001,7.8e+07,0.365668,0.997496,"late",0.37
"8",78500001,7.9e+07,0.346778,0.994845,"mid",0.35
"8",79000001,79500000,0.352618,0.995583,"mid",0.35
"8",79500001,8e+07,0.356514,0.997428,"mid",0.36
"8",80000001,80500000,0.369752,0.991998,"mid",0.37
"8",81500001,8.2e+07,0.408482,0.995878,"mid",0.41
"8",82000001,82500000,0.381936,0.991509,"mid",0.38
"8",84500001,8.5e+07,0.354926,0.994427,"late",0.35
"8",85500001,8.6e+07,0.36357,0.985937,"late",0.36
"8",86000001,86500000,0.384336,0.999037,"late",0.38
"8",87500001,8.8e+07,0.374312,0.992678,"late",0.37
"8",88500001,8.9e+07,0.361108,0.993107,"late",0.36
"8",90500001,9.1e+07,0.377698,0.987142,"mid",0.38
"8",91500001,9.2e+07,0.377048,0.997545,"mid",0.38
"8",92000001,92500000,0.364094,0.991431,"mid",0.36
"8",93500001,9.4e+07,0.35815,0.998353,"early",0.36
"8",94500001,9.5e+07,0.405998,0.997115,"early",0.41
"8",95000001,95500000,0.405346,0.995717,"early",0.41
"8",95500001,9.6e+07,0.41511,0.997342,"early",0.42
"8",96000001,96500000,0.418088,0.990266,"early",0.42
"8",97000001,97500000,0.414494,0.993652,"mid",0.41
"8",97500001,9.8e+07,0.39147,0.993539,"mid",0.39
"8",100000001,100500000,0.361476,0.990768,"early",0.36
"8",100500001,1.01e+08,0.379196,0.989287,"early",0.38
"8",102000001,102500000,0.4353,0.998314,"early",0.44
"8",102500001,1.03e+08,0.407096,0.988102,"early",0.41
"8",103000001,103500000,0.402776,0.9931,"early",0.4
"8",104500001,1.05e+08,0.361334,0.989401,"early",0.36
"8",105000001,105500000,0.377326,0.995741,"early",0.38
"8",106500001,1.07e+08,0.36293,0.996539,"mid",0.36
"8",107000001,107500000,0.36987,0.997175,"mid",0.37
"8",108500001,1.09e+08,0.37925,0.994826,"late",0.38
"8",109000001,109500000,0.37397,0.995098,"late",0.37
"8",109500001,1.1e+08,0.371138,0.993501,"late",0.37
"8",110500001,1.11e+08,0.372378,0.993385,"late",0.37
"8",111000001,111500000,0.346962,0.995536,"mid",0.35
"8",112500001,1.13e+08,0.348996,0.997021,"late",0.35
"8",117000001,117500000,0.380998,0.997313,"mid",0.38
"8",117500001,1.18e+08,0.39507,0.997085,"mid",0.4
"8",118500001,1.19e+08,0.399066,0.998271,"early",0.4
"8",119000001,119500000,0.40198,0.998022,"early",0.4
"8",119500001,1.2e+08,0.384988,0.992409,"early",0.38
"8",121500001,1.22e+08,0.390962,0.9911,"mid",0.39
"8",122500001,1.23e+08,0.382108,0.996644,"early",0.38
"8",123000001,123500000,0.371778,0.987099,"early",0.37
"8",123500001,1.24e+08,0.439984,0.999423,"early",0.44
"8",124500001,1.25e+08,0.424772,0.992813,"early",0.42
"8",125500001,1.26e+08,0.4365,0.998268,"early",0.44
"8",126000001,126500000,0.418602,0.998152,"early",0.42
"8",126500001,1.27e+08,0.419374,0.986596,"early",0.42
"8",128000001,128500000,0.395454,0.987097,"early",0.4
"8",128500001,1.29e+08,0.446962,0.998693,"early",0.45
"8",129000001,129500000,0.417134,0.984974,"early",0.42
"8",129500001,1.3e+08,0.383054,0.983715,"early",0.38
"8",130000001,130500000,0.382616,0.990619,"early",0.38
"8",130500001,1.31e+08,0.401594,0.996708,"early",0.4
"8",131500001,1.32e+08,0.414138,0.998388,"early",0.41
"8",132500001,1.33e+08,0.384594,0.986318,"mid",0.38
"8",133500001,1.34e+08,0.407476,0.996776,"mid",0.41
"8",135000001,135500000,0.41288,0.983867,"mid",0.41
"8",136000001,136500000,0.423278,0.993303,"late",0.42
"8",136500001,1.37e+08,0.410328,0.987618,"late",0.41
"8",137000001,137500000,0.383912,0.98777,"late",0.38
"8",137500001,1.38e+08,0.369128,0.995478,"late",0.37
"8",138000001,138500000,0.371562,0.996207,"late",0.37
"8",138500001,1.39e+08,0.384586,0.994354,"late",0.38
"8",139000001,139500000,0.416008,0.990175,"late",0.42
"8",139500001,1.4e+08,0.4548,0.998778,"late",0.45
"8",140000001,140500000,0.423106,0.995691,"mid",0.42
"9",500001,1e+06,0.43116,0.997611,"late",0.43
"9",3000001,3500000,0.365056,0.996101,"mid",0.37
"9",3500001,4e+06,0.389644,0.997441,"mid",0.39
"9",6500001,7e+06,0.425514,0.996614,"early",0.43
"9",7500001,8e+06,0.3871,0.996086,"mid",0.39
"9",8500001,9e+06,0.371692,0.999811,"late",0.37
"9",12000001,12500000,0.350092,0.993549,"early",0.35
"9",12500001,1.3e+07,0.359998,0.993444,"early",0.36
"9",13500001,1.4e+07,0.380152,0.997316,"mid",0.38
"9",15000001,15500000,0.402172,0.995942,"late",0.4
"9",16500001,1.7e+07,0.396956,0.999081,"late",0.4
"9",17500001,1.8e+07,0.39148,0.985085,"late",0.39
"9",19500001,2e+07,0.39224,0.986022,"mid",0.39
"9",20500001,2.1e+07,0.372982,0.990302,"early",0.37
"9",21000001,21500000,0.376602,0.994526,"early",0.38
"9",21500001,2.2e+07,0.387962,0.991372,"early",0.39
"9",22000001,22500000,0.375198,0.991196,"early",0.38
"9",22500001,2.3e+07,0.358472,0.991968,"early",0.36
"9",23000001,23500000,0.358268,0.996123,"early",0.36
"9",23500001,2.4e+07,0.385264,0.997229,"mid",0.39
"9",25000001,25500000,0.34721,0.994122,"mid",0.35
"9",26000001,26500000,0.365136,0.99549,"mid",0.37
"9",26500001,2.7e+07,0.38457,0.995519,"mid",0.38
"9",27500001,2.8e+07,0.386484,0.995791,"mid",0.39
"9",28000001,28500000,0.36481,0.983421,"mid",0.36
"9",31000001,31500000,0.353888,0.99053,"early",0.35
"9",31500001,3.2e+07,0.362596,0.99417,"early",0.36
"9",32000001,32500000,0.38453,0.991876,"early",0.38
"9",33000001,33500000,0.459664,0.996312,"early",0.46
"9",33500001,3.4e+07,0.416398,0.998274,"early",0.42
"9",71500001,7.2e+07,0.425386,0.998544,"mid",0.43
"9",73500001,7.4e+07,0.3712,0.996153,"early",0.37
"9",75500001,7.6e+07,0.358752,0.998899,"early",0.36
"9",76000001,76500000,0.348388,0.996039,"early",0.35
"9",76500001,7.7e+07,0.359542,0.995447,"early",0.36
"9",77500001,7.8e+07,0.398444,0.995826,"late",0.4
"9",78000001,78500000,0.387668,0.995949,"late",0.39
"9",78500001,7.9e+07,0.402588,0.992792,"late",0.4
"9",82000001,82500000,0.391592,0.987782,"late",0.39
"9",82500001,8.3e+07,0.37855,0.995538,"late",0.38
"9",83000001,83500000,0.361922,0.985802,"late",0.36
"9",83500001,8.4e+07,0.374696,0.996546,"late",0.37
"9",84000001,84500000,0.419114,0.993247,"late",0.42
"9",87000001,87500000,0.409904,0.998928,"late",0.41
"9",87500001,8.8e+07,0.4086,0.992598,"late",0.41
"9",88500001,8.9e+07,0.413604,0.989684,"late",0.41
"9",89000001,89500000,0.411438,0.99496,"late",0.41
"9",90000001,90500000,0.444738,0.997532,"late",0.44
"9",90500001,9.1e+07,0.44598,0.989134,"late",0.45
"9",91500001,9.2e+07,0.43146,0.996414,"late",0.43
"9",93000001,93500000,0.396366,0.997298,"mid",0.4
"9",96500001,9.7e+07,0.437438,0.980845,"mid",0.44
"9",97000001,97500000,0.4338,0.997781,"mid",0.43
"9",97500001,9.8e+07,0.42969,0.999631,"mid",0.43
"9",99000001,99500000,0.434828,0.997792,"mid",0.43
"9",99500001,1e+08,0.414208,0.98665,"mid",0.41
"9",100000001,100500000,0.43043,0.993657,"mid",0.43
"9",102000001,102500000,0.408176,0.991758,"mid",0.41
"9",104000001,104500000,0.388728,0.994415,"late",0.39
"9",104500001,1.05e+08,0.363216,0.988006,"late",0.36
"9",108000001,108500000,0.386924,0.989934,"mid",0.39
"9",108500001,1.09e+08,0.393412,0.985258,"mid",0.39
"9",110500001,1.11e+08,0.418286,0.995228,"early",0.42
"9",114000001,114500000,0.40279,0.995122,"early",0.4
"9",114500001,1.15e+08,0.414728,0.999547,"early",0.41
"9",115000001,115500000,0.400532,0.99719,"early",0.4
"9",116500001,1.17e+08,0.463896,0.99942,"mid",0.46
"9",117500001,1.18e+08,0.413138,0.998439,"early",0.41
"9",118000001,118500000,0.384346,0.995939,"early",0.38
"9",119500001,1.2e+08,0.41655,0.99414,"late",0.42
"9",120000001,120500000,0.403828,0.999599,"late",0.4
"9",121000001,121500000,0.373446,0.99756,"late",0.37
"9",122000001,122500000,0.402182,0.991992,"mid",0.4
"9",123500001,1.24e+08,0.416828,0.999219,"early",0.42
"9",134500001,1.35e+08,0.46252,0.998972,"mid",0.46
"X",2500001,3e+06,0.448584,0.998286,"late",0.45
"X",3000001,3500000,0.41451,0.997886,"late",0.41
"X",4000001,4500000,0.379672,0.998203,"late",0.38
"X",4500001,5e+06,0.373268,0.997921,"late",0.37
"X",5000001,5500000,0.375682,0.992739,"late",0.38
"X",5500001,6e+06,0.381038,0.99498,"late",0.38
"X",6000001,6500000,0.394194,0.996561,"late",0.39
"X",6500001,7e+06,0.406738,0.986063,"late",0.41
"X",7000001,7500000,0.402848,0.998008,"late",0.4
"X",8000001,8500000,0.38686,0.996694,"late",0.39
"X",8500001,9e+06,0.39369,0.997097,"late",0.39
"X",9000001,9500000,0.430552,0.996715,"late",0.43
"X",10000001,10500000,0.423436,0.997321,"late",0.42
"X",11000001,11500000,0.390982,0.991504,"late",0.39
"X",13000001,13500000,0.407692,0.997223,"mid",0.41
"X",13500001,1.4e+07,0.413192,0.992172,"mid",0.41
"X",14000001,14500000,0.38356,0.988788,"mid",0.38
"X",14500001,1.5e+07,0.379018,0.995913,"mid",0.38
"X",15000001,15500000,0.389782,0.995016,"mid",0.39
"X",15500001,1.6e+07,0.401428,0.996125,"mid",0.4
"X",18000001,18500000,0.415236,0.993161,"late",0.42
"X",18500001,1.9e+07,0.424804,0.998148,"late",0.42
"X",19000001,19500000,0.42896,0.987381,"late",0.43
"X",19500001,2e+07,0.427726,0.992851,"late",0.43
"X",21500001,2.2e+07,0.386298,0.999256,"late",0.39
"X",23500001,2.4e+07,0.424944,0.995713,"late",0.42
"X",26000001,26500000,0.367614,0.983338,"late",0.37
"X",27000001,27500000,0.362672,0.991834,"late",0.36
"X",27500001,2.8e+07,0.366804,0.996226,"late",0.37
"X",28000001,28500000,0.36296,0.988099,"late",0.36
"X",28500001,2.9e+07,0.363446,0.995554,"late",0.36
"X",29000001,29500000,0.363526,0.997099,"late",0.36
"X",30000001,30500000,0.385444,0.993296,"late",0.39
"X",30500001,3.1e+07,0.401014,0.992875,"late",0.4
"X",31000001,31500000,0.391692,0.994913,"late",0.39
"X",31500001,3.2e+07,0.36457,0.987222,"late",0.36
"X",32500001,3.3e+07,0.362562,0.997332,"late",0.36
"X",33000001,33500000,0.357032,0.996879,"late",0.36
"X",33500001,3.4e+07,0.358288,0.997794,"late",0.36
"X",34000001,34500000,0.359792,0.991083,"late",0.36
"X",34500001,3.5e+07,0.363758,0.9978,"late",0.36
"X",35000001,35500000,0.370418,0.993811,"late",0.37
"X",35500001,3.6e+07,0.365346,0.998706,"late",0.37
"X",36000001,36500000,0.355516,0.988228,"late",0.36
"X",36500001,3.7e+07,0.377678,0.996358,"late",0.38
"X",37500001,3.8e+07,0.38306,0.996157,"late",0.38
"X",38000001,38500000,0.39473,0.995514,"late",0.39
"X",38500001,3.9e+07,0.402214,0.997459,"late",0.4
"X",41000001,41500000,0.429668,0.996512,"late",0.43
"X",43500001,4.4e+07,0.39833,0.99394,"late",0.4
"X",47000001,47500000,0.468534,0.999074,"late",0.47
"X",50500001,5.1e+07,0.399118,0.989734,"late",0.4
"X",51000001,51500000,0.399932,0.983229,"late",0.4
"X",51500001,5.2e+07,0.39712,0.987058,"late",0.4
"X",53500001,5.4e+07,0.420976,0.987819,"late",0.42
"X",55000001,55500000,0.398074,0.986606,"late",0.4
"X",55500001,5.6e+07,0.394008,0.99169,"late",0.39
"X",56000001,56500000,0.388262,0.987037,"late",0.39
"X",57000001,57500000,0.384104,0.991341,"late",0.38
"X",57500001,5.8e+07,0.38466,0.992343,"late",0.38
"X",58000001,58500000,0.412426,0.992901,"late",0.41
"X",62000001,62500000,0.378434,0.991012,"late",0.38
"X",62500001,6.3e+07,0.388754,0.989715,"late",0.39
"X",63500001,6.4e+07,0.388594,0.982454,"late",0.39
"X",64000001,64500000,0.385182,0.986139,"late",0.39
"X",64500001,6.5e+07,0.419124,0.992684,"late",0.42
"X",65500001,6.6e+07,0.380174,0.989728,"late",0.38
"X",66000001,66500000,0.377298,0.986264,"late",0.38
"X",67000001,67500000,0.3848,0.986004,"late",0.38
"X",68500001,6.9e+07,0.421488,0.987377,"late",0.42
"X",69500001,7e+07,0.408938,0.982021,"late",0.41
"X",70000001,70500000,0.438672,0.993798,"late",0.44
"X",71000001,71500000,0.445518,0.993387,"late",0.45
"X",71500001,7.2e+07,0.401428,0.991817,"late",0.4
"X",72000001,72500000,0.408944,0.982544,"late",0.41
"X",72500001,7.3e+07,0.381912,0.980613,"late",0.38
"X",73500001,7.4e+07,0.41472,0.993602,"late",0.41
"X",74000001,74500000,0.38683,0.981989,"late",0.39
"X",74500001,7.5e+07,0.390904,0.983003,"late",0.39
"X",75000001,75500000,0.389452,0.982381,"late",0.39
"X",75500001,7.6e+07,0.37903,0.98183,"late",0.38
"X",76000001,76500000,0.394172,0.982071,"late",0.39
"X",77000001,77500000,0.400728,0.991803,"late",0.4
"X",77500001,7.8e+07,0.371308,0.991442,"late",0.37
"X",78000001,78500000,0.368456,0.992098,"late",0.37
"X",78500001,7.9e+07,0.365322,0.996224,"late",0.37
"X",79000001,79500000,0.37193,0.983128,"late",0.37
"X",79500001,8e+07,0.370928,0.98643,"late",0.37
"X",80000001,80500000,0.373608,0.991705,"late",0.37
"X",80500001,8.1e+07,0.358594,0.995141,"late",0.36
"X",81000001,81500000,0.365944,0.982257,"late",0.37
"X",81500001,8.2e+07,0.358444,0.993241,"late",0.36
"X",82000001,82500000,0.361882,0.985214,"late",0.36
"X",82500001,8.3e+07,0.364106,0.983845,"late",0.36
"X",83000001,83500000,0.35762,0.991758,"late",0.36
"X",83500001,8.4e+07,0.358646,0.993936,"late",0.36
"X",84000001,84500000,0.373214,0.992825,"late",0.37
"X",84500001,8.5e+07,0.36535,0.990285,"late",0.37
"X",85000001,85500000,0.372382,0.994223,"late",0.37
"X",86000001,86500000,0.355698,0.991742,"late",0.36
"X",86500001,8.7e+07,0.362504,0.991752,"late",0.36
"X",87500001,8.8e+07,0.356218,0.997672,"late",0.36
"X",88000001,88500000,0.354962,0.987444,"late",0.35
"X",92500001,9.3e+07,0.36414,0.995176,"late",0.36
"X",93000001,93500000,0.362722,0.994836,"late",0.36
"X",93500001,9.4e+07,0.35849,0.99707,"late",0.36
"X",94000001,94500000,0.357678,0.994207,"late",0.36
"X",94500001,9.5e+07,0.359402,0.990046,"late",0.36
"X",95500001,9.6e+07,0.379052,0.994671,"late",0.38
"X",96000001,96500000,0.360526,0.996747,"late",0.36
"X",96500001,9.7e+07,0.383252,0.989727,"late",0.38
"X",97000001,97500000,0.372044,0.998238,"late",0.37
"X",98000001,98500000,0.35862,0.995907,"late",0.36
"X",99000001,99500000,0.371168,0.98664,"late",0.37
"X",99500001,1e+08,0.402792,0.987444,"late",0.4
"X",100000001,100500000,0.417532,0.99656,"late",0.42
"X",100500001,1.01e+08,0.411608,0.985021,"late",0.41
"X",101000001,101500000,0.39148,0.983683,"late",0.39
"X",101500001,1.02e+08,0.407846,0.986373,"late",0.41
"X",102000001,102500000,0.405276,0.990612,"late",0.41
"X",103000001,103500000,0.416754,0.981198,"late",0.42
"X",107500001,1.08e+08,0.370482,0.992972,"mid",0.37
"X",108000001,108500000,0.370572,0.986785,"mid",0.37
"X",109500001,1.1e+08,0.395968,0.993706,"mid",0.4
"X",110500001,1.11e+08,0.383766,0.983062,"late",0.38
"X",111000001,111500000,0.395316,0.993339,"late",0.4
"X",111500001,1.12e+08,0.387948,0.980206,"late",0.39
"X",112000001,112500000,0.387902,0.997469,"late",0.39
"X",112500001,1.13e+08,0.365382,0.986186,"late",0.37
"X",113000001,113500000,0.373478,0.998354,"late",0.37
"X",115000001,115500000,0.385006,0.985497,"late",0.39
"X",116000001,116500000,0.368868,0.98843,"late",0.37
"X",116500001,1.17e+08,0.38075,0.987818,"late",0.38
"X",117000001,117500000,0.385354,0.981963,"late",0.39
"X",117500001,1.18e+08,0.408128,0.997064,"late",0.41
"X",118000001,118500000,0.427112,0.996535,"late",0.43
"X",119500001,1.2e+08,0.402832,0.996732,"late",0.4
"X",120500001,1.21e+08,0.363166,0.986101,"late",0.36
"X",121000001,121500000,0.365886,0.991518,"late",0.37
"X",121500001,1.22e+08,0.36748,0.99322,"late",0.37
"X",122000001,122500000,0.384586,0.995848,"late",0.38
"X",122500001,1.23e+08,0.40566,0.998031,"late",0.41
"X",123000001,123500000,0.397868,0.996547,"late",0.4
"X",123500001,1.24e+08,0.373312,0.991926,"late",0.37
"X",124000001,124500000,0.366076,0.996492,"late",0.37
"X",124500001,1.25e+08,0.365522,0.987499,"late",0.37
"X",125000001,125500000,0.360786,0.982095,"late",0.36
"X",125500001,1.26e+08,0.357596,0.994281,"late",0.36
"X",126000001,126500000,0.358786,0.982335,"late",0.36
"X",126500001,1.27e+08,0.353488,0.988747,"late",0.35
"X",127000001,127500000,0.35191,0.99759,"late",0.35
"X",127500001,1.28e+08,0.378052,0.989535,"late",0.38
"X",128000001,128500000,0.391486,0.983528,"late",0.39
"X",128500001,1.29e+08,0.429786,0.992004,"late",0.43
"X",129000001,129500000,0.451598,0.999482,"late",0.45
"X",129500001,1.3e+08,0.39984,0.98131,"late",0.4
"X",131000001,131500000,0.38815,0.985826,"late",0.39
"X",131500001,1.32e+08,0.393016,0.999024,"late",0.39
"X",132000001,132500000,0.412114,0.993587,"late",0.41
"X",132500001,1.33e+08,0.411006,0.998636,"late",0.41
"X",133000001,133500000,0.398646,0.995479,"late",0.4
"X",133500001,1.34e+08,0.413044,0.999143,"late",0.41
"X",134000001,134500000,0.421372,0.996367,"late",0.42
"X",135000001,135500000,0.412496,0.995756,"late",0.41
"X",135500001,1.36e+08,0.411066,0.993682,"late",0.41
"X",136000001,136500000,0.4005,0.994095,"late",0.4
"X",136500001,1.37e+08,0.404096,0.995448,"late",0.4
"X",137000001,137500000,0.383928,0.990812,"late",0.38
"X",137500001,1.38e+08,0.379796,0.991598,"late",0.38
"X",138000001,138500000,0.391432,0.995346,"late",0.39
"X",138500001,1.39e+08,0.38454,0.99377,"late",0.38
"X",139000001,139500000,0.397076,0.992854,"late",0.4
"X",139500001,1.4e+08,0.39857,0.996611,"late",0.4
"X",141000001,141500000,0.382944,0.986731,"late",0.38
"X",141500001,1.42e+08,0.367876,0.988006,"late",0.37
"X",142000001,142500000,0.36899,0.995282,"late",0.37
"X",142500001,1.43e+08,0.37888,0.997207,"late",0.38
"X",143000001,143500000,0.36286,0.99085,"late",0.36
"X",144000001,144500000,0.371888,0.996901,"late",0.37
"X",144500001,1.45e+08,0.380912,0.997171,"late",0.38
"X",145000001,145500000,0.385134,0.994,"late",0.39
"X",145500001,1.46e+08,0.368544,0.992047,"late",0.37
"X",146000001,146500000,0.368854,0.986344,"late",0.37
"X",146500001,1.47e+08,0.37592,0.989186,"late",0.38
"X",147000001,147500000,0.38849,0.985447,"late",0.39
"X",147500001,1.48e+08,0.386138,0.997457,"late",0.39
"X",148000001,148500000,0.398458,0.982292,"late",0.4
"X",149500001,1.5e+08,0.433544,0.99196,"late",0.43
"X",150000001,150500000,0.428826,0.997898,"late",0.43
"X",150500001,1.51e+08,0.421628,0.988898,"late",0.42
"X",151000001,151500000,0.399024,0.984825,"late",0.4
"X",151500001,1.52e+08,0.406984,0.986915,"late",0.41
